RCG,Metier_level6,Selection_panel_option,Old_code,Used_by_country_in_RDB,Total_n_trips_RDB_2009t2017
NSEA,DRB_MOL_>0_0_0,,"DRB_MOL_>=0_0_0, DRB_MOL_>0_0_0, DRB_MOL_0_0_0","BEL, CHA, DEU, DNK, ENG, FRA, IRL, NIR, NLD, SCT, SWE, WLS",139600
NSEA,FPN_CAT_>0_0_0,,FPN_CAT_>0_0_0,DNK,3280
NSEA,FPN_CRU_>0_0_0,,FPN_CRU_>0_0_0,DNK,1537
NSEA,FPN_MOL_>0_0_0,,FPN_MOL_>0_0_0,DNK,2
NSEA,FPO_CRU_>0_0_0,,"FPO_CRU_>0_0_0, FPO_CRU_0_0_0, FPO_CRU_ALL_0_0","CHA, DEU, DNK, ENG, FRA, IRL, LTU, NIR, NLD, SCT, SWE, WLS",507323
NSEA,FPO_FIF_>0_0_0,,"FPO_FIF_>0_0_0, FPO_FIF_0_0_0, FPO_DEF_>0_0_0, FPO_MCD_0_0_0","BEL, ENG, FRA, SCT, SWE, WLS",8749
NSEA,FPO_MOL_>0_0_0,,"FPO_MOL_>0_0_0, FPO_MOL_0_0_0","CHA, DNK, ENG, FRA, NIR, SCT, SWE, WLS",78567
NSEA,FYK_CAT_>0_0_0,,FYK_CAT_>0_0_0,"DNK, ENG, NLD, SWE",19776
NSEA,FYK_DEF_>0_0_0,,FYK_DEF_>0_0_0,ENG ,49
NSEA,GND_DEF_>0_0_0,,"GND_DEF_0_0_0, GND_DEF_<10_0_0","ENG, FRA",3
NSEA,GND_DEF_10-30_0_0,,GND_DEF_10-30_0_0,"ENG, NIR, NLD",8
NSEA,GND_DEF_31-49_0_0,,GND_DEF_31-49_0_0,ENG,14
NSEA,GND_DEF_50-70_0_0,,GND_DEF_50-70_0_0,ENG,646
NSEA,GND_DEF_71-89_0_0,,"GND_DEF_71-89_0_0, GND_DEF_80-99_0_0","ENG, FRA",19
NSEA,GND_DEF_90-99_0_0,,GND_DEF_90-99_0_0,"ENG, FRA, NIR",1469
NSEA,GND_DEF_100-119_0_0,,"GND_DEF_100-119_0_0, GND_DEF_>=100_0_0","DNK, ENG, FRA, NLD",2277
NSEA,GND_DEF_120-219_0_0,,GND_DEF_120-219_0_0,"DNK, ENG, FRA, NIR, NLD, WLS",816
NSEA,GND_DEF_>=220_0_0,,GND_DEF_>=220_0_0,"ENG, NIR",
NSEA,GND_SPF_>0_0_0,,GND_SPF_0_0_0,FRA,1
NSEA,GND_SPF_10-30_0_0,,GND_SPF_10-30_0_0,"ENG, FRA ",52
NSEA,GND_SPF_31-49_0_0,,GND_SPF_31-49_0_0,ENG,12
NSEA,GND_SPF_50-70_0_0,,GND_SPF_50-70_0_0,"DNK, ENG, FRA",2663
NSEA,GND_SPF_71-89_0_0,,GND_SPF_71-89_0_0,ENG,29
NSEA,GND_SPF_90-99_0_0,,GND_SPF_90-99_0_0,"ENG, FRA",836
NSEA,GND_SPF_100-119_0_0,,"GND_SPF_100-119_0_0, GND_SPF_>=100_0_0",ENG,974
NSEA,GND_SPF_120-219_0_0,,GND_SPF_120-219_0_0,"ENG, FRA",355
NSEA,GND_SPF_>=220_0_0,,GND_SPF_>=220_0_0,ENG,8
NSEA,GNS_CRU_>0_0_0,,"GNS_CRU_>0_0_0, GNS_CRU_0_0_0, GNS_CRU_<10_0_0","DEU, DNK, ENG, SCT, SWE, WLS",20188
NSEA,GNS_CRU_10-30_0_0,,GNS_CRU_10-30_0_0,ENG,2
NSEA,GNS_CRU_31-49_0_0,,GNS_CRU_31-49_0_0,ENG,1
NSEA,GNS_CRU_50-70_0_0,,GNS_CRU_50-70_0_0,"ENG, FRA",18
NSEA,GNS_CRU_71-89_0_0,,GNS_CRU_71-89_0_0,"DEU, ENG, FRA",81
NSEA,GNS_CRU_90-99_0_0,,"GNS_CRU_80-99_0_0, GNS_CRU_90-99_0_0","ENG, SWE",93
NSEA,GNS_CRU_100-119_0_0,,GNS_CRU_100-119_0_0,"DEU, ENG, FRA, SWE",3338
NSEA,GNS_CRU_120-219_0_0,,GNS_CRU_120-219_0_0,"ENG, FRA, SCT, SWE",1638
NSEA,GNS_CRU_>=220_0_0,,GNS_CRU_>=220_0_0,"DEU, ENG, SWE",44
NSEA,GNS_DEF_10-30_0_0,,GNS_DEF_10-30_0_0,"ENG, NLD",106
NSEA,GNS_DEF_31-49_0_0,,GNS_DEF_31-49_0_0,ENG,1
NSEA,GNS_DEF_50-70_0_0,,GNS_DEF_50-70_0_0,"ENG, FRA, NLD, SWE",211
NSEA,GNS_DEF_71-89_0_0,,"GNS_DEF_71-89_0_0, GNS_DEF_80-99_0_0","ENG, FRA, SCT, WLS",882
NSEA,GNS_DEF_90-99_0_0,,GNS_DEF_90-99_0_0,"BEL, DEU, DNK, ENG, FRA, NLD, SCT, SWE",15801
NSEA,GNS_DEF_100-119_0_0,,"GNS_DEF_100-119_0_0, GNS_DEF_110-156_0_0, GNS_DEF_>=100_0_0","BEL, CHA, DEU, DNK, ENG, FRA, NLD, SCT, SWE, WLS",83277
NSEA,GNS_DEF_120-219_0_0,,GNS_DEF_120-219_0_0,"BEL, CHA, DEU, DNK, ENG, FRA, NIR, NLD, SCT, SWE, WLS",138533
NSEA,GNS_DEF_>=220_0_0,,GNS_DEF_>=220_0_0,"BEL, DEU, DNK, ENG, FRA, NLD, SCT, SWE, WLS",22335
NSEA,GNS_DEF>0_0_0,,"GNS_DEF_<10_0_0, GNS_DEF_0_0_0","DEU, ENG, SCT, FRA, NLD",128
NSEA,GNS_SPF_10-30_0_0,,GNS_SPF_10-30_0_0,"DNK, ENG, SWE",3422
NSEA,GNS_SPF_31-49_0_0,,,,
NSEA,GNS_SPF_50-70_0_0,,GNS_SPF_50-70_0_0,"DNK, ENG, FRA, SWE",11283
NSEA,GNS_SPF_71-89_0_0,,GNS_SPF_71-89_0_0,ENG,12
NSEA,GNS_SPF_90-99_0_0,,"GNS_SPF_80-99_0_0, GNS_SPF_90-99_0_0","DNK, ENG, FRA",519
NSEA,GNS_SPF_100-119_0_0,,GNS_SPF_100-119_0_0,"DEU, DNK, ENG, FRA, WLS",3565
NSEA,GNS_SPF_120-219_0_0,,GNS_SPF_120-219_0_0,"DEU, DNK, ENG, FRA, SCT, SWE",1548
NSEA,GNS_SPF_>=220_0_0,,GNS_SPF_>=220_0_0,"DNK, ENG, FRA",129
NSEA,GNS_SPF_>0_0_0,,GNS_SPF_0_0_0,FRA,2
NSEA,GTR_DEF_10-30_0_0,,GTR_DEF_10-30_0_0,"ENG, NLD",5
NSEA,GTR_DEF_31-49_0_0,,GTR_DEF_31-49_0_0,ENG,5
NSEA,GTR_DEF_50-70_0_0,,GTR_DEF_50-70_0_0,"ENG, FRA, SWE",3203
NSEA,GTR_DEF_71-89_0_0,,"GTR_DEF_71-89_0_0, GTR_DEF_80-99_0_0","ENG, FRA",13105
NSEA,GTR_DEF_90-99_0_0,,GTR_DEF_90-99_0_0,"BEL, ENG, FRA, NLD, SWE, WLS",66848
NSEA,GTR_DEF_100-119_0_0,,"GTR_DEF_100-119_0_0, GTR_DEF_>=100_0_0","DEU, ENG, FRA, NLD, SWE",19679
NSEA,GTR_DEF_120-219_0_0,,"GTR_DEF_120-219_0_0, GTR_DEF_>=157_0_0","ENG, FRA, NLD, SWE",32509
NSEA,GTR_DEF_>=220_0_0,,GTR_DEF_>=220_0_0,"ENG, FRA, NLD, SWE",4385
NSEA,GTR_DEF_>0_0_0,,"GTR_DEF_<10_0_0, GTR_DEF_0_0_0","BEL, ENG, FRA",594
NSEA,HMD_MOL_>0_0_0,,"HMD_MOL_>=0_0_0, HMD_MOL_>0_0_0","ENG, NLD, SCT",17060
NSEA,LHM_FIF_0_0_0,,LHM_FIF_0_0_0,NLD,15
NSEA,LHP_CEP_0_0_0,,LHP_CEP_0_0_0,SCT,14
NSEA,LHP_FIF_0_0_0,,"LHP_DEF_0_0_0, LHP_FIF_0_0_0","BEL, DEU, DNK, ENG, FRA, NIR, NLD, SCT, SWE",45384
NSEA,LHP_SPF_0_0_0,,LHP_SPF_0_0_0,DEU,3
NSEA,LLD_FIF_0_0_0,,,,
NSEA,LLD_LPF_0_0_0,,LLD_LPF_0_0_0,PRT,7
NSEA,LLS_FIF_0_0_0,,LLS_DEF_0_0_0,"DNK, ENG, FRA, NLD, SCT, SWE, WLS",18846
NSEA,LLS_DWS_0_0_0,,LLS_DWS_0_0_0,ENG,8
NSEA,LTL_LPF_0_0_0,,LTL_LPF_0_0_0,"FRA, SCT",2
NSEA,MIS_MIS_0_0_0,,"MIS_CRU_0_0_0, MIS_FIF_0_0_0, MIS_MIS_0_0_0, MIS_MOL_0_0_0, No_logbook6, No_Matrix6","DEU, DNK, ENG, FRA, IRL, NIR, NLD, SCT, SWE, WLS",275039
NSEA,OTB_CRU_<16_0_0,,OTB_CRU_<16_0_0,"ENG, NIR, SCT",53
NSEA,OTB_CRU_16-31_0_0,,OTB_CRU_16-31_0_0,"BEL, DEU, DNK, ENG, FRA, NLD, SCT",1984
NSEA,OTB_CRU_32-69_0_0,,"OTB_CRU_32-69_0_0, OTB_CRU_40-59_0_0","DNK, ENG, EST, FRA, LTU, SCT, SWE",12854
NSEA,OTB_CRU_32-69_2_22,,OTB_CRU_32-69_2_22,"EST, SWE",17709
NSEA,OTB_CRU_70-89_0_0,,"OTB_CRU_70-89_0_0, OTB_CRU_70-99_0_0","DEU, DNK, ENG, FRA, NIR, SCT, WLS",88341
NSEA,OTB_CRU_70-89_2_35,,OTB_CRU_70-89_2_35,"DEU, DNK, SWE",30328
NSEA,OTB_CRU_90-99_0_0,,OTB_CRU_90-119_0_0,"DEU, DNK, SWE",89641
NSEA,OTB_CRU_90-99_1_120,,OTB_CRU_90-119_1_120,SWE,1057
NSEA,OTB_CRU_90-99_1_140,,OTB_CRU_90-119_1_140,SWE,44
NSEA,OTB_CRU_90-99_1_300,,OTB_CRU_90-119_1_300,SWE,23
NSEA,OTB_CRU_100-119_0_0,,OTB_CRU_100-119_0_0,"DEU, DNK, ENG, NIR, SCT",3625
NSEA,OTB_CRU_100-119_1_120,,,,
NSEA,OTB_CRU_100-119_1_140,,,,
NSEA,OTB_CRU_100-119_1_300,,,,
NSEA,OTB_CRU_>=120_0_0,,"OTB_CRU_>=120_0_0, OTB_CRU_>=120_1_120","DEU, DNK, ENG, SCT, SWE",2587
NSEA,OTB_CRU_>0_0_0,,OTB_CRU_0_0_0,FRA,420
NSEA,OTB_DEF_<16_0_0,,OTB_DEF_<16_0_0,"DEU, DNK, ENG, FRA, LTU, NLD, SCT, SWE",9514
NSEA,OTB_DEF_16-31_0_0,,OTB_DEF_16-31_0_0,"DNK, ENG, FRA, LTU, NLD, SCT",1996
NSEA,OTB_DEF_32-69_0_0,,OTB_DEF_32-69_0_0,"DNK, ENG, FRA, NIR, NLD,SCT, SWE",3062
NSEA,OTB_DEF_70-89_0_0,,"OTB_DEF_70-89_0_0, OTB_DEF_70-99_0_0, OTB_DEF_>=70_0_0","BEL, DEU, DNK, ENG, FRA, IRL, NIR, NLD, SCT, WLS",116310
NSEA,OTB_DEF_90-99_0_0,,OTB_DEF_90-119_0_0,"DEU, DNK, NLD, SWE",36104
NSEA,OTB_DEF_90-99_1_120,,OTB_DEF_90-119_1_120,SWE,918
NSEA,OTB_DEF_90-99_1_140,,OTB_DEF_90-119_1_140,SWE,121
NSEA,OTB_DEF_90-99_1_300,,OTB_DEF_90-119_1_300,SWE,32
NSEA,OTB_DEF_100-119_0_0,,"OTB_DEF_100-119_0_0, OTB_DEF_100-129_0_0, OTB_DEF_>=105_1_120, OTB_DEF_>=110_0_0","BEL, DEU, DNK, ENG, FRA, IRL, NIR, NLD, POL, PRT, SCT, WLS",22627
NSEA,OTB_DEF_100-119_1_120,,,,
NSEA,OTB_DEF_100-119_1_140,,,,
NSEA,OTB_DEF_100-119_1_300,,,,
NSEA,OTB_DEF_>=120_0_0,,"OTB_DEF_>=120_0_0, OTB_DEF_>=120_1_120, OTB_DEF_>=130_0_0","BEL, DEU, DNK, ENG, ESP, EST, FRA, IRL, LVA, NLD, POL, PRT, SCT, SWE",94589
NSEA,OTB_DEF_>0_0_0,,OTB_DEF_0_0_0,"DEU, FRA, NLD",2698
NSEA,OTB_DWS_32-69_0_0,,,,
NSEA,OTB_DWS_70-89_0_0,,OTB_DWS_70-99_0_0,ENG,2
NSEA,OTB_DWS_90-99_0_0,OTB_DWS_90-99_1_120,OTB_DWS_90-119_0_0,DNK ,1
NSEA,OTB_DWS_100-119_0_0,OTB_DWS_100-119_1_120,"OTB_DWS_100-119_0_0, OTB_DWS_100-129_0_0","ENG, ESP, FRA",202
NSEA,OTB_DWS_>=120_0_0,,OTB_DWS_>=120_0_0,"FRA, LTU, SCT",95
NSEA,OTB_DWS_>0_0_0,,,,
NSEA,OTB_MCD_32-69_0_0,,OTB_MCD_32-69_0_0,NLD,79
NSEA,OTB_MCD_70-89_0_0,,OTB_MCD_70-99_0_0,"BEL, NLD",10767
NSEA,OTB_MCD_90-99_0_0,,OTB_MCD_90-119_0_0,SWE,1300
NSEA,OTB_MCD_90-99_1_120,,OTB_MCD_90-119_1_120,SWE,885
NSEA,OTB_MCD_90-99_1_140,,OTB_MCD_90-119_1_140,SWE,76
NSEA,OTB_MCD_90-99_1_300,,OTB_MCD_90-119_1_300,SWE,39
NSEA,OTB_MCD_100-119_0_0,,OTB_MCD_100-119_0_0,NLD,28
NSEA,OTB_MCD_100-119_1_120,,,,
NSEA,OTB_MCD_100-119_1_140,,,,
NSEA,OTB_MCD_100-119_1_300,,,,
NSEA,OTB_MCD_>=120_0_0,,OTB_MCD_>=120_0_0,"NLD, SWE",10
NSEA,OTB_MCD_>0_0_0,,,,
NSEA,OTB_MOL_<16_0_0,,OTB_MOL_<16_0_0,SCT,13
NSEA,OTB_MOL_16-31_0_0,,,,
NSEA,OTB_MOL_32-69_0_0,,OTB_MOL_32-69_0_0,"ENG, FRA, NIR, SCT",8542
NSEA,OTB_MOL_70-89_0_0,,"OTB_MOL_70-89_0_0, OTB_MOL_70-99_0_0","ENG, FRA, NIR, SCT, WLS",11242
NSEA,OTB_MOL_90-99_0_0,OTB_MOL_90-99_1_120,,,
NSEA,OTB_MOL_100-119_0_0,OTB_MOL_100-119_1_120,OTB_MOL_100-119_0_0,"ENG, FRA, SCT",646
NSEA,OTB_MOL_>=120_0_0,,OTB_MOL_>=120_0_0,"ENG, SCT",342
NSEA,OTB_MOL_>0_0_0,,,,
NSEA,OTB_SPF_<16_0_0,,OTB_SPF_<16_0_0,FRA,7
NSEA,OTB_SPF_16-31_0_0,,OTB_SPF_16-31_0_0,"DEU, DNK, ENG, FRA, IRL, SCT, SWE",1824
NSEA,OTB_SPF_32-69_0_0,,OTB_SPF_32-69_0_0,"DEU, DNK, ENG, FRA, IRL, NIR, SCT, SWE",3012
NSEA,OTB_SPF_70-89_0_0,,"OTB_SPF_70-89_0_0, OTB_SPF_70-99_0_0","DEU, DNK, ENG, FRA, SCT",4900
NSEA,OTB_SPF_90-99_0_0,OTB_SPF_90-99_1_120,OTB_SPF_90-119_0_0,DNK,16
NSEA,OTB_SPF_100-119_0_0,OTB_SPF_100-119_1_120,OTB_SPF_100-119_0_0,"ENG, FRA",68
NSEA,OTB_SPF_>=120_0_0,,OTB_SPF_>=120_0_0,"DEU, DNK, ENG, FRA, SCT",55
NSEA,OTB_SPF_>0_0_0,,OTB_SPF_0_0_0,FRA,118
NSEA,OTM_DEF_<16_0_0,,OTM_DEF_<16_0_0,"DEU, DNK, FRA, SCT",1291
NSEA,OTM_DEF_16-31_0_0,,OTM_DEF_16-31_0_0,"DEU, DNK, ENG, FRA, LTU",404
NSEA,OTM_DEF_32-69_0_0,,OTM_DEF_32-69_0_0,"DEU, DNK, ENG, FRA, SCT",684
NSEA,OTM_DEF_70-89_0_0,,"OTM_DEF_70-89_0_0, OTM_DEF_70-99_0_0","ENG, FRA",107
NSEA,OTM_DEF_90-99_0_0,OTM_DEF_90-99_1_120,OTM_DEF_90-119_0_0,"DEU, DNK ",28
NSEA,OTM_DEF_100-119_0_0,OTM_DEF_100-119_1_120,"OTM_DEF_100-119_0_0, OTM_DEF_100-129_0_0, OTM_DEF_>=105_1_120, ","DEU, DNK, ENG, ESP, FRA, LTU, LVA, POL, PRT",859
NSEA,OTM_DEF_>=120_0_0,,"OTM_DEF_>=120_0_0, OTM_DEF_>=130_0_0","DEU, DNK, ENG, LTU,  SCT",55
NSEA,OTM_DEF_>0_0_0,,OTM_DEF_0_0_0,FRA,9
NSEA,OTM_LPF_70-89_0_0,,,,
NSEA,OTM_LPF_90-99_0_0,,,,
NSEA,OTM_LPF_100-119_0_0,,,,
NSEA,OTM_LPF_>=120_0_0,,,,
NSEA,OTM_LPF_>0_0_0,,OTM_LPF_0_0_0,EST,4
NSEA,OTM_SPF_<16_0_0,,OTM_SPF_<16_0_0,"ENG, SCT",9
NSEA,OTM_SPF_16-31_0_0,,OTM_SPF_16-31_0_0,"DEU, DNK, ENG, FRA, IRL, NIR, NLD, SCT, SWE",9021
NSEA,OTM_SPF_32-69_0_0,,"OTM_SPF_32-69_0_0, OTM_SPF_40-59_0_0","DEU, DNK, ENG, FRA, IRL, LTU, NIR, NLD, SCT, SWE",17179
NSEA,OTM_SPF_70-89_0_0,,"OTM_SPF_70-89_0_0, OTM_SPF_70-99_0_0","ENG, FRA, NIR, NLD, SCT",1218
NSEA,OTM_SPF_90-99_0_0,OTM_SPF_90-99_1_120,"OTM_SPF_90-100_0_0, OTM_SPF_90-119_0_0","DNK, PRT",25
NSEA,OTM_SPF_100-119_0_0,OTM_SPF_100-119_1_120,"OTM_SPF_100-119_0_0, OTM_SPF_100-129_0_0","ENG, FRA, LTU, NLD",57
NSEA,OTM_SPF_>=120_0_0,,OTM_SPF_>=120_0_0,"NLD, SCT",52
NSEA,OTM_SPF_>0_0_0,,OTM_SPF_0_0_0,FRA; NLD,6
NSEA,OTT_CRU_<16_0_0,,OTT_CRU_<16_0_0,SCT,2
NSEA,OTT_CRU_16-31_0_0,,,"ENG, FRA, NLD, SCT",79
NSEA,OTT_CRU_32-69_0_0,,,"FRA, SCT, SWE",2206
NSEA,OTT_CRU_32-69_2_22,,,SWE,2907
NSEA,OTT_CRU_70-89_0_0,,"OTT_CRU_70-89_0_0, OTT_CRU_70-99_0_0","DEU, ENG, FRA, NIR, SCT",7008
NSEA,OTT_CRU_70-89_2_35,,OTT_CRU_70-89_2_35,SWE,17733
NSEA,OTT_CRU_90-99_0_0,,OTT_CRU_90-119_0_0,SWE,1668
NSEA,OTT_CRU_90-99_1_120,,OTT_CRU_90-119_1_120,SWE,1532
NSEA,OTT_CRU_90-99_1_140,,OTT_CRU_90-119_1_140,SWE,48
NSEA,OTT_CRU_90-99_1_300,,OTT_CRU_90-119_1_300,SWE,61
NSEA,OTT_CRU_100-119_0_0,OTT_CRU_100-119_1_120,OTT_CRU_100-119_0_0,"ENG, FRA, NIR, SCT",1353
NSEA,OTT_CRU_100-119_1_120,,,,
NSEA,OTT_CRU_100-119_1_140,,,,
NSEA,OTT_CRU_100-119_1_300,,,,
NSEA,OTT_CRU_>=120_0_0,,"OTT_CRU_>=120_0_0, OTT_CRU_>=120_1_120","ENG, NIR, SCT, SWE",69
NSEA,OTT_CRU_>0_0_0,,OTT_CRU_0_0_0,FRA,69
NSEA,OTT_DEF_<16_0_0,,OTT_DEF_<16_0_0,"ENG, SCT",2
NSEA,OTT_DEF_16-31_0_0,,OTT_DEF_16-31_0_0,NLD ,1
NSEA,OTT_DEF_32-69_0_0,,OTT_DEF_32-69_0_0,FRA,3
NSEA,OTT_DEF_70-89_0_0,,"OTT_DEF_70-89_0_0, OTT_DEF_70-99_0_0","DEU, ENG, FRA, NIR, NLD, SCT",9492
NSEA,OTT_DEF_90-99_0_0,,OTT_DEF_90-119_0_0,"NLD, SWE",1358
NSEA,OTT_DEF_90-99_1_120,,OTT_DEF_90-119_1_120,SWE,2418
NSEA,OTT_DEF_90-99_1_140,,OTT_DEF_90-119_1_140,SWE,314
NSEA,OTT_DEF_90-99_1_300,,OTT_DEF_90-119_1_300,SWE,87
NSEA,OTT_DEF_100-119_0_0,,OTT_DEF_100-119_0_0,"DEU, ENG, FRA, NIR, NLD, SCT",994
NSEA,OTT_DEF_100-119_1_120,,,,
NSEA,OTT_DEF_100-119_1_140,,,,
NSEA,OTT_DEF_100-119_1_300,,,,
NSEA,OTT_DEF_>=120_0_0,,"OTT_DEF_>=120_0_0, OTT_DEF_>=120_1_120","ENG, NIR, NLD, SCT, SWE",5207
NSEA,OTT_DEF_>0_0_0,,,,
NSEA,OTT_MCD_32-69_0_0,,,,
NSEA,OTT_MCD_70-89_0_0,,OTT_MCD_70-99_0_0,NLD,1756
NSEA,OTT_MCD_90-99_0_0,,OTT_MCD_90-119_0_0,SWE,2433
NSEA,OTT_MCD_90-99_1_120,,OTT_MCD_90-119_1_120,SWE,2913
NSEA,OTT_MCD_90-99_1_140,,OTT_MCD_90-119_1_140,SWE,195
NSEA,OTT_MCD_90-99_1_300,,OTT_MCD_90-119_1_300,SWE,83
NSEA,OTT_MCD_100-119_0_0,,OTT_MCD_100-119_0_0,NLD,21
NSEA,OTT_MCD_100-119_1_120,,,,
NSEA,OTT_MCD_100-119_1_140,,,,
NSEA,OTT_MCD_100-119_1_300,,,,
NSEA,OTT_MCD_>=120_0_0,,OTT_MCD_>=120_0_0,"NLD, SWE",28
NSEA,OTT_MCD_>0_0_0,,OTT_MCD_0_0_0,NLD,1
NSEA,OTT_MOL_16-31_0_0,,,,
NSEA,OTT_MOL_32-69_0_0,,OTT_MOL_32-69_0_0,SCT,118
NSEA,OTT_MOL_70-89_0_0,,OTT_MOL_70-99_0_0,"ENG, SCT",52
NSEA,OTT_MOL_90-99_0_0,OTT_MOL_90-99_1_120,,,
NSEA,OTT_MOL_100-119_0_0,OTT_MOL_100-119_1_120,OTT_MOL_100-119_0_0,SCT,11
NSEA,OTT_MOL_>=120_0_0,,OTT_MOL_>=120_0_0,SCT,4
NSEA,OTT_MOL_>0_0_0,,,,
NSEA,PS_SPF_16-31_0_0,,PS_SPF_16-31_0_0,"DNK, NLD, SCT, SWE",900
NSEA,PS_SPF_32-69_0_0,,PS_SPF_32-69_0_0,"DNK, NLD, SCT, SWE",625
NSEA,PS_SPF_70-89_0_0,,PS_SPF_70-99_0_0,NLD,657
NSEA,PS_SPF_90-99_0_0,,,,
NSEA,PS_SPF_100-119_0_0,,PS_SPF_100-119_0_0,NLD,898
NSEA,PS_SPF_>=120_0_0,,PS_SPF_>=120_0_0,NLD,10
NSEA,PS_SPF_>0_0_0,,"PS_SPF_>0_0_0, PS_SPF_0_0_0","NIR, NLD, SCT",36
NSEA,PTB_CRU_16-31_0_0,,PTB_CRU_16-31_0_0,"DNK, ENG",21
NSEA,PTB_CRU_32-69_0_0,PTB_CRU_32-69_2_35,PTB_CRU_32-69_0_0,SCT,13
NSEA,PTB_CRU_70-89_0_0,,PTB_CRU_70-99_0_0,"DNK, ENG, SCT",21
NSEA,PTB_CRU_90-99_0_0,PTB_CRU_90-99_1_120,PTB_CRU_90-119_0_0,DNK,106
NSEA,PTB_CRU_100-119_0_0,PTB_CRU_100-119_1_120,,,
NSEA,PTB_CRU_>=120_0_0,,PTB_CRU_>=120_0_0,"DNK, ENG, SCT",10
NSEA,PTB_CRU_>0_0_0,,,,
NSEA,PTB_DEF_<16_0_0,,PTB_DEF_<16_0_0,"DNK, NLD, SCT",590
NSEA,PTB_DEF_16-31_0_0,,PTB_DEF_16-31_0_0,"DNK, NLD ",15
NSEA,PTB_DEF_32-69_0_0,,PTB_DEF_32-69_0_0,FRA,11
NSEA,PTB_DEF_70-89_0_0,,"PTB_DEF_70-89_0_0, PTB_DEF_70-99_0_0","DNK, ENG, FRA, NLD, SCT",1719
NSEA,PTB_DEF_90-99_0_0,PTB_DEF_90-99_1_120,PTB_DEF_90-119_0_0,"DNK, SWE",47
NSEA,PTB_DEF_100-119_0_0,PTB_DEF_100-119_1_120,PTB_DEF_100-119_0_0,"DNK, ENG, FRA, NLD, SCT",217
NSEA,PTB_DEF_>=120_0_0,,PTB_DEF_>=120_0_0,"DEU, DNK, ENG, FRA, NLD, POL, SCT, SWE",8419
NSEA,PTB_DEF_>0_0_0,,,,
NSEA,PTB_SPF_16-31_0_0,,PTB_SPF_16-31_0_0,DNK,667
NSEA,PTB_SPF_32-69_0_0,,PTB_SPF_32-69_0_0,"DEU, DNK",123
NSEA,PTB_SPF_70-89_0_0,,PTB_SPF_70-99_0_0,ENG,6
NSEA,PTB_SPF_90-99_0_0,,,,
NSEA,PTB_SPF_100-119_0_0,,PTB_SPF_100-119_0_0,ENG,1
NSEA,PTB_SPF_>=120_0_0,,PTB_SPF_>=120_0_0,"DNK, SCT",3
NSEA,PTB_SPF_>0_0_0,,,,
NSEA,PTM_DEF_<16_0_0,,PTM_DEF_<16_0_0,DNK,241
NSEA,PTM_DEF_16-31_0_0,,PTM_DEF_16-31_0_0,"DNK, FRA",53
NSEA,PTM_DEF_32-69_0_0,,PTM_DEF_32-69_0_0,"DNK, FRA",141
NSEA,PTM_DEF_70-89_0_0,,"PTM_DEF_70-89_0_0, PTM_DEF_70-99_0_0",FRA,112
NSEA,PTM_DEF_90-99_0_0,,PTM_DEF_90-119_0_0,DNK,1
NSEA,PTM_DEF_100-119_0_0,,PTM_DEF_100-119_0_0,FRA,1404
NSEA,PTM_DEF_>=120_0_0,,PTM_DEF_>=120_0_0,"DNK, SCT",10
NSEA,PTM_DEF_>0_0_0,,PTM_DEF_0_0_0,FRA,12
NSEA,PTM_LPF_70-89_0_0,,,,
NSEA,PTM_LPF_90-99_0_0,,,,
NSEA,PTM_LPF_100-119_0_0,,PTM_LPF_100-119_0_0,FRA,38
NSEA,PTM_LPF_>=120_0_0,,,,
NSEA,PTM_LPF_>0_0_0,,"PTM_LPF_>0_0_0, PTM_LPF_0_0_0","FRA, IRL",8005
NSEA,PTM_SPF_16-31_0_0,,PTM_SPF_16-31_0_0,"DEU, DNK, ENG, FRA, NLD, SWE",4960
NSEA,PTM_SPF_32-69_0_0,,PTM_SPF_32-69_0_0,"DEU, DNK, ENG, FRA, IRL, NIR, NLD, SCT, SWE",34031
NSEA,PTM_SPF_70-89_0_0,,"PTM_SPF_70-89_0_0, PTM_SPF_70-99_0_0",FRA ,82
NSEA,PTM_SPF_90-99_0_0,,,,
NSEA,PTM_SPF_100-119_0_0,,PTM_SPF_100-119_0_0,"FRA, NLD",7
NSEA,PTM_SPF_>=120_0_0,,PTM_SPF_>=120_0_0,DNK,3
NSEA,PTM_SPF_>0_0_0,,PTM_SPF_0_0_0,"BEL, IRL",13
NSEA,SB_FIF_>0_0_0,,SB_FIF_>0_0_0,"ENG, SWE",1077
NSEA,SDN_DEF_<16_0_0,,SDN_DEF_<16_0_0,DNK,4
NSEA,SDN_DEF_16-31_0_0,,SDN_DEF_16-31_0_0,"DNK, SCT",2
NSEA,SDN_DEF_32-69_0_0,,SDN_DEF_32-69_0_0,FRA ,62
NSEA,SDN_DEF_70-89_0_0,,"SDN_DEF_70-89_0_0, SDN_DEF_70-99_0_0","BEL, FRA, NLD",933
NSEA,SDN_DEF_90-99_0_0,SDN_DEF_90-99_1_120,SDN_DEF_90-119_0_0,"DNK, SWE",7166
NSEA,SDN_DEF_100-119_0_0,SDN_DEF_100-119_1_120,SDN_DEF_100-119_0_0,"DNK, FRA, NLD",348
NSEA,SDN_DEF_>=120_0_0,,SDN_DEF_>=120_0_0,"DEU, DNK, FRA, NLD, SCT, SWE",11666
NSEA,SDN_DEF_>0_0_0,,SDN_DEF_>0_0_0,"BEL, FRA",640
NSEA,SSC_DEF_<16_0_0,,SSC_DEF_<16_0_0,"ENG, SCT",30
NSEA,SSC_DEF_16-31_0_0,,,,
NSEA,SSC_DEF_32-69_0_0,,SSC_DEF_32-69_0_0,"ENG, NLD, SCT",11
NSEA,SSC_DEF_70-89_0_0,,SSC_DEF_70-99_0_0,"BEL, DNK, ENG; NLD, SCT",10646
NSEA,SSC_DEF_90-99_0_0,,SSC_DEF_90-119_0_0,"DNK, NLD",11
NSEA,SSC_DEF_100-119_0_0,,SSC_DEF_100-119_0_0,"BEL, DNK, ENG, IRL, NLD, SCT",3150
NSEA,SSC_DEF_>=120_0_0,,SSC_DEF_>=120_0_0,"BEL, DEU, DNK, ENG, NIR; NLD, SCT",11692
NSEA,SSC_DEF_>0_0_0,,,,
NSEA,TBB_CRU_<16_0_0,,TBB_CRU_<16_0_0,"DEU, ENG, SCT",40
NSEA,TBB_CRU_16-31_0_0,,TBB_CRU_16-31_0_0,"BEL, DEU, DNK, ENG, FRA, NLD",202021
NSEA,TBB_CRU_32-69_0_0,TBB_CRU_32-69_2_35,TBB_CRU_32-69_0_0,"DNK, LTU, SCT",43
NSEA,TBB_CRU_70-89_0_0,TBB_CRU_70-89_2_35,"TBB_CRU_70-89_0_0, TBB_CRU_70-99_0_0","DEU, DNK, ENG, FRA, SCT",298
NSEA,TBB_CRU_90-99_0_0,,,,
NSEA,TBB_CRU_100-119_0_0,,TBB_CRU_100-119_0_0,ENG,20
NSEA,TBB_CRU_>=120_0_0,,TBB_CRU_>=120_0_0,"DEU, DNK, SCT",26
NSEA,TBB_CRU_>0_0_0,,TBB_CRU_0_0_0,FRA,19
NSEA,TBB_DEF_<16_0_0,,TBB_DEF_<16_0_0,"DEU, DNK, ENG, NLD, SCT",462
NSEA,TBB_DEF_16-31_0_0,,TBB_DEF_16-31_0_0,"DEU, DNK, ENG, FRA, NLD",60516
NSEA,TBB_DEF_32-69_0_0,,TBB_DEF_32-69_0_0,"DEU, ENG, FRA, NLD, SCT",76
NSEA,TBB_DEF_70-89_0_0,,"TBB_DEF_70-89_0_0, TBB_DEF_70-99_0_0","BEL, DEU, DNK, ENG, FRA, NLD, SCT, WLS",125262
NSEA,TBB_DEF_90-99_0_0,,TBB_DEF_90-119_0_0,"DNK, NLD",123
NSEA,TBB_DEF_100-119_0_0,,TBB_DEF_100-119_0_0,"BEL, DEU, DNK, ENG, FRA, NLD, SCT",3906
NSEA,TBB_DEF_>120_0_0,,TBB_DEF_>=120_0_0,"BEL, DNK, ENG, NLD, SCT",12857
NSEA,TBB_DEF_>0_0_0,,TBB_DEF_0_0_0,"DEU, FRA, NLD",49
NSEA,TBB_MCD_16-31_0_0,,TBB_MCD_16-31_0_0,NLD,1
NSEA,TBB_MCD_32-69_0_0,,,,
NSEA,TBB_MCD_70-89_0_0,,TBB_MCD_70-99_0_0,NLD,41
NSEA,TBB_MCD_90-99_0_0,,,,
NSEA,TBB_MCD_100-119_0_0,,,,
NSEA,TBB_MCD_>=120_0_0,,TBB_MCD_>=120_0_0,NLD,1
NSEA,TBB_MCD_>0_0_0,,,,
NSEA,TBB_MOL_>0_0_0,,TBB_MOL_0_0_0,DEU,161
NA,DRB_MOL_>0_0_0,,"DRB_MOL_>0_0_0, DRB_MOL_0_0_0, DRB_MOL_30_0_0","BEL, CHA, ENG, ESP, FRA, IRL, NIR, NLD, PRT, SCT, WLS",613270
NA,FPO_CAT_>0_0_0,,FPO_CAT_>0_0_0,FRA,130
NA,FPO_CRU_>0_0_0,,"FPO_CRU_>0_0_0, FPO_CRU_0_0_0, FPO_CRU_ALL_0_0","CHA, DEU, ENG, ESP, FRA, IRL, NIR, PRT, SCT, WLS",698757
NA,FPO_FIF_>0_0_0,,"FPO_FIF_>0_0_0, FPO_DEF_>0_0_0, FPO_FIF_0_0_0","ENG, ESP, FRA, NIR, SCT, WLS",23010
NA,FPO_MOL_>0_0_0,,"FPO_MOL_>0_0_0, FPO_MOL_0_0_0, FPO_MOL_>=29_0_0","CHA, ENG, ESP, FRA, IRL, NIR, PRT, SCT, WLS",444864
NA,FYK_CAT_>0_0_0,,FYK_CAT_0_0_0,FRA,680
NA,FYK_DEF_>0_0_0,,FYK_DEF_0_0_0,"ENG, FRA",44
NA,GND_DEF_10-30_0_0,,"GND_DEF_10-30_0_0, GND_DEF_<40_0_0","ENG, FRA, SCT",562
NA,GND_DEF_31-39_0_0,,GND_DEF_31-49_0_0,ENG,110
NA,GND_DEF_40-49_0_0,,GND_DEF_40-49_0_0,FRA,387
NA,GND_DEF_50-59_0_0,,"GND_DEF_50-59_0_0, GND_DEF_50-70_0_0","ENG, FRA",908
NA,GND_DEF_60-69_0_0,,GND_DEF_60-79_0_0,FRA,333
NA,GND_DEF_70-79_0_0,,GND_DEF_71-89_0_0,ENG,8
NA,GND_DEF_80-89_0_0,,GND_DEF_80-99_0_0,FRA,1685
NA,GND_DEF_90-99_0_0,,,,
NA,GND_DEF_100-119_0_0,,"GND_DEF_100-119_0_0, GND_DEF_>=100_0_0","ENG, FRA",2662
NA,GND_DEF_120-219_0_0,,GND_DEF_120-219_0_0,"ENG, FRA",16
NA,GND_DEF_>=220_0_0,,,,
NA,GND_DEF_>0_0_0,,GND_DEF_0_0_0,"ENG, FRA",881
NA,GND_SPF_10-30_0_0,,GND_SPF_10-30_0_0,ENG,658
NA,GND_SPF_31-39_0_0,,"GND_SPF_31-49_0_0, GND_SPF_<40_0_0","ENG, ESP, FRA",12578
NA,GND_SPF_40-49_0_0,,GND_SPF_40-49_0_0,FRA,6
NA,GND_SPF_50-59_0_0,,"GND_SPF_50-59_0_0, GND_SPF_50-70_0_0","ENG, FRA",1095
NA,GND_SPF_60-69_0_0,,,,
NA,GND_SPF_70-79_0_0,,GND_SPF_71-89_0_0,ENG,6
NA,GND_SPF_80-89_0_0,,,,
NA,GND_SPF_90-99_0_0,,GND_SPF_90-99_0_0,ENG,1
NA,GND_SPF_100-119_0_0,,"GND_SPF_100-119_0_0, GND_SPF_>=100_0_0","ENG, FRA",75
NA,GND_SPF_120-219_0_0,,GND_SPF_120-219_0_0,ENG,1
NA,GND_SPF_>=220_0_0,,,,
NA,GND_SPF_>0_0_0,,GND_SPF_0_0_0,ENG,237
NA,GNS_CAT_>0_0_0,,GNS_CAT_>0_0_0,FRA,136
NA,GNS_CRU_10-30_0_0,,GNS_CRU_10-30_0_0,ENG_FRA,6
NA,GNS_CRU_31-39_0_0,,"GNS_CRU_31-49_0_0, GNS_CRU_<40_0_0","ENG, FRA, WLS",6
NA,GNS_CRU_40-49_0_0,,GNS_CRU_40-49_0_0,FRA,10
NA,GNS_CRU_50-59_0_0,,"GNS_CRU_50-59_0_0, GNS_CRU_50-70_0_0","ENG, FRA, SCT",458
NA,GNS_CRU_60-69_0_0,,GNS_CRU_60-79_0_0,FRA,11
NA,GNS_CRU_70-79_0_0,,GNS_CRU_71-89_0_0,"ENG, WLS",34
NA,GNS_CRU_80-89_0_0,,GNS_CRU_80-99_0_0,FRA,73
NA,GNS_CRU_90-99_0_0,,GNS_CRU_90-99_0_0,"ENG, FRA, WLS",270
NA,GNS_CRU_100-119_0_0,,"GNS_CRU_100-119_0_0, GNS_CRU_>=100_0_0","ENG, FRA, NIR, SCT, WLS",2531
NA,GNS_CRU_120-219_0_0,,GNS_CRU_120-219_0_0,"CHA, ENG, FRA, NIR, SCT, WLS",4432
NA,GNS_CRU_>=220_0_0,,GNS_CRU_>=220_0_0,"DEU, ENG, FRA, NIR, SCT, WLS",13793
NA,GNS_CRU_>0_0_0,,"GNS_CRU_>0_0_0, GNS_CRU_0_0_0, GNS_CRU_<10_0_0","ENG, FRA, WLS",467
NA,GNS_DEF_10-30_0_0,,GNS_DEF_10-30_0_0,"ENG, FRA",147
NA,GNS_DEF_31-39_0_0,,"GNS_DEF_31-49_0_0, GNS_DEF_<40_0_0","ENG, FRA, SCT, WLS",4175
NA,GNS_DEF_40-49_0_0,,GNS_DEF_40-49_0_0,FRA,962
NA,GNS_DEF_50-59_0_0,,"GNS_DEF_50-59_0_0, GNS_DEF_50-70_0_0","DEU, ENG, ESP, FRA, NIR, PRT, SCT, WLS",52533
NA,GNS_DEF_60-69_0_0,,GNS_DEF_60-79_0_0,"ESP, FRA, PRT",106969
NA,GNS_DEF_70-79_0_0,,GNS_DEF_71-89_0_0,"ENG, SCT WLS",1166
NA,GNS_DEF_80-89_0_0,,GNS_DEF_80-99_0_0,"ESP, FRA, PRT",41942
NA,GNS_DEF_90-99_0_0,,GNS_DEF_90-99_0_0,"ENG, FRA, NIR, NLD, SCT, WLS",3938
NA,GNS_DEF_100-119_0_0,,"GNS_DEF_100-119_0_0, GNS_DEF_>=100_0_0","CHA, ENG, ESP, FRA, NIR, PRT, SCT, WLS",85208
NA,GNS_DEF_120-219_0_0,,"GNS_DEF_120-219_0_0, GNS_DEF_>=157_0_0","CHA, ENG, ESP, FRA, IRL, NIR, SCT, WLS",573227
NA,GNS_DEF_>=220_0_0,,GNS_DEF_>=220_0_0,"CHA, DEU, ENG, FRA, IRL, NIR, SCT, WLS",20869
NA,GNS_DEF_>0_0_0,,"GNS_DEF_0_0_0, GNS_DEF_<10_0_0","ENG, FRA, NIR, SCT, WLS",6781
NA,GNS_DWS_10-30_0_0,,GNS_DWS_10-30_0_0,ENG,1
NA,GNS_DWS_31-39_0_0,,GNS_DWS_31-49_0_0,ENG,3
NA,GNS_DWS_40-49_0_0,,,,
NA,GNS_DWS_50-59_0_0,,GNS_DWS_50-70_0_0,ENG,49
NA,GNS_DWS_60-69_0_0,,,,
NA,GNS_DWS_70-79_0_0,,GNS_DWS_71-89_0_0,ENG,40
NA,GNS_DWS_80-89_0_0,,,,
NA,GNS_DWS_90-99_0_0,,GNS_DWS_90-99_0_0,ENG,36
NA,GNS_DWS_100-119_0_0,,"GNS_DWS_100-119_0_0, GNS_DWS_>=100_0_0","ENG, SCT, WLS",210
NA,GNS_DWS_120-219_0_0,,GNS_DWS_120-219_0_0,ENG,424
NA,GNS_DWS_>=220_0_0,,GNS_DWS_>=220_0_0,"ENG, SCT",68
NA,GNS_DWS_>0_0_0,,GNS_DWS_<10_0_0,ENG,2
NA,GNS_SPF_10-30_0_0,,GNS_SPF_10-30_0_0,"ENG, FRA, SCT",2660
NA,GNS_SPF_31-39_0_0,,"GNS_SPF_31-49_0_0, GNS_SPF_<40_0_0","ENG, FRA, WLS",145
NA,GNS_SPF_40-49_0_0,,GNS_SPF_40-49_0_0,FRA,17
NA,GNS_SPF_50-59_0_0,,"GNS_SPF_50-59_0_0, GNS_SPF_50-70_0_0","ENG, FRA, NIR, WLS",887
NA,GNS_SPF_60-69_0_0,,GNS_SPF_60-79_0_0,FRA,319
NA,GNS_SPF_70-79_0_0,,GNS_SPF_71-89_0_0,"ENG, WLS",23
NA,GNS_SPF_80-89_0_0,,GNS_SPF_80-99_0_0,FRA,36
NA,GNS_SPF_90-99_0_0,,GNS_SPF_90-99_0_0,"ENG, WLS",188
NA,GNS_SPF_100-119_0_0,,"GNS_SPF_100-119_0_0, GNS_SPF_>=100_0_0","ENG, FRA, SCT, WLS",3127
NA,GNS_SPF_120-219_0_0,,"GNS_SPF_120-219_0_0, GNS_SPF_>=157_0_0","ENG, FRA, NIR, SCT, WLS",1644
NA,GNS_SPF_>=220_0_0,,GNS_SPF_>=220_0_0,"ENG, FRA, WLS",298
NA,GNS_SPF_>0_0_0,,GNS_SPF_0_0_0,"ENG, FRA",127
NA,GTR_DEF_10-30_0_0,,GTR_DEF_10-30_0_0,"ENG, SCT",19
NA,GTR_DEF_31-39_0_0,,"GTR_DEF_31-49_0_0, GTR_DEF_<40_0_0","FRA, SCT, WLS",976
NA,GTR_DEF_40-49_0_0,,GTR_DEF_40-49_0_0,FRA,196
NA,GTR_DEF_50-59_0_0,,"GTR_DEF_50-59_0_0, GTR_DEF_50-70_0_0","ENG, ESP, FRA",72911
NA,GTR_DEF_60-69_0_0,,GTR_DEF_60-79_0_0,"ESP, FRA",185786
NA,GTR_DEF_70-79_0_0,,"GTR_DEF_71-89_0_0, GTR_DEF_>=70_0_0","PRT, WLS",17
NA,GTR_DEF_80-89_0_0,,"GTR_DEF_80-99_0_0, GTR_DEF_>=80_0_0","FRA, PRT",1353
NA,GTR_DEF_90-99_0_0,,GTR_DEF_90-99_0_0,"ENG, FRA, WLS",1093
NA,GTR_DEF_100-119_0_0,,"GTR_DEF_100-119_0_0, GTR_DEF_>=100_0_0","ENG, FRA, PRT, WLS",211541
NA,GTR_DEF_120-219_0_0,,"GTR_DEF_120-219_0_0, GTR_DEF_>=157_0_0","ENG, FRA, NIR, SCT",5884
NA,GTR_DEF_>=220_0_0,,GTR_DEF_>=220_0_0,"ENG, FRA, WLS",21513
NA,GTR_DEF_>0_0_0,,"GTR_DEF_0_0_0, GTR_DEF_<10_0_0","ENG, FRA, SCT",3374
NA,HMD_MOL_>0_0_0,,"HMD_MOL_>0_0_0, HMD_MOL_0_0_0","ENG, ESP, NIR, SCT, WLS",34844
NA,LHM_CEP_0_0_0,,LHM_CEP_0_0_0,"ESP, PRT",4985
NA,LHM_DWS_0_0_0,,LHM_DWS_0_0_0,ESP,6927
NA,LHM_FIF_0_0_0,,"LHM_FIF_0_0_0, LHM_DEF_0_0_0","ESP, FRA, NLD, PRT",2575
NA,LHM_SPF_0_0_0,,LHM_SPF_0_0_0,ESP,24109
NA,LHP_CEP_0_0_0,,LHP_CEP_0_0_0,"ENG, FRA, NIR, SCT",4070
NA,LHP_FIF_0_0_0,,LHP_FIF_0_0_0,"ENG, FRA, IRL, NIR, NLD, SCT, WLS",113747
NA,LLD_DWS_0_0_0,,LLD_DWS_0_0_0,"ENG, SCT",51
NA,LLD_FIF_0_0_0,,LLD_DEF_0_0_0,"ENG, FRA, NIR, SCT, WLS",7680
NA,LLD_SPF_0_0_0,,LLD_SPF_0_0_0,FRA,39
NA,LLD_LPF_0_0_0,,LLD_LPF_0_0_0,"ENG, FRA, PRT",13669
NA,LLS_DWS_0_0_0,,LLS_DWS_0_0_0,"ENG, ESP, FRA, PRT, SCT",8320
NA,LLS_FIF_0_0_0,,"LLS_FIF_0_0_0, LLS_DEF_0_0_0","ENG, ESP, FRA, IRL, NIR, PRT, SCT, WLS",298504
NA,LTL_LPF_0_0_0,,LTL_LPF_0_0_0,"FRA, SCT, WLS",323
NA,MIS_MIS_0_0_0,,"MIS_MIS_0_0_0, MIS_CRU_0_0_0, MIS_DEF_0_0_0, MIS_FIF_0_0_0, MIS_MOL_0_0_0, No_logbook6, No_Matrix6","DNK, ENG, FRA, IRL, NIR, NLD, PRT, SCT, WLS",4305078
NA,OTB_CRU_<16_0_0,,OTB_CRU_<16_0_0,"ENG, NIR, SCT",162
NA,OTB_CRU_16-31_0_0,,OTB_CRU_16-31_0_0,"ENG, FRA, NIR, SCT",3966
NA,OTB_CRU_32-39_0_0,,"OTB_CRU_32-54_0_0, OTB_CRU_32-69_0_0, OTB_CRU_32-69_2_22","ENG, EST, FRA, NIR, SCT",356
NA,OTB_CRU_40-54_0_0,,OTB_CRU_40-59_0_0,"DEU, DNK, ESP",111
NA,OTB_CRU_55-64_0_0,,"OTB_CRU_55-59_0_0, OTB_CRU_>=55_0_0","PRT, WLS",30814
NA,OTB_CRU_65-69_0_0,,,,
NA,OTB_CRU_70-99_0_0,,"OTB_CRU_70-99_0_0, OTB_CRU_70-89_0_0, OTB_CRU_>=70_0_0","ENG, FRA, IRL, NIR, PRT, SCT, WLS",2241418
NA,OTB_CRU_100-119_0_0,,OTB_CRU_100-119_0_0,"ENG, FRA, IRL, NIR, SCT, WLS",771720
NA,OTB_CRU_>=120_0_0,,OTB_CRU_>=120_0_0,"ENG, FRA, NIR, SCT",263
NA,OTB_CRU_>0_0_0,,OTB_CRU_0_0_0,FRA,1720
NA,OTB_DEF_<16_0_0,,OTB_DEF_<16_0_0,"ENG, FRA, SCT, WLS",127
NA,OTB_DEF_16-31_0_0,,OTB_DEF_16-31_0_0,"ENG, FRA",1596
NA,OTB_DEF_32-39_0_0,,"OTB_DEF_32-54_0_0, OTB_DEF_32-69_0_0","ENG, FRA, SCT",5066
NA,OTB_DEF_40-54_0_0,,,,
NA,OTB_DEF_55-64_0_0,,"OTB_DEF_55-69_0_0, OTB_DEF_>=55_0_0","ESP, FRA, PRT",110078
NA,OTB_DEF_65-69_0_0,,OTB_DEF_65-69_0_0,PRT,12344
NA,OTB_DEF_70-99_0_0,,"OTB_DEF_70-99_0_0, OTB_DEF_70-89_0_0, OTB_DEF_>=70_0_0","CHA, ENG, ESP, FRA, IRL, NIR, NLD, SCT, WLS",1412315
NA,OTB_DEF_100-119_0_0,,"OTB_DEF_100-119_0_0, OTB_DEF_>=110_0_0","BEL, ENG, ESP, FRA, IRL, NIR, SCT, WLS ",4726972
NA,OTB_DEF_>=120_0_0,,"OTB_DEF_>=120_0_0, OTB_DEF_>=220_0_0, OTB_DEF_130-219_0_0, OTB_DEF_130-279_0_0","DEU, ENG, EST, FRA, IRL, NLD, SCT, WLS",6756
NA,OTB_DEF_>0_0_0,,OTB_DEF_0_0_0,FRA,1299
NA,OTB_DWS_<16_0_0,,OTB_DWS_<16_0_0,ENG,1
NA,OTB_DWS_16-31_0_0,,,,
NA,OTB_DWS_32-39_0_0,,,,
NA,OTB_DWS_40-54_0_0,,,,
NA,OTB_DWS_55-64_0_0,,,,
NA,OTB_DWS_65-69_0_0,,,,
NA,OTB_DWS_70-99_0_0,,"OTB_DWS_70-99_0_0, OTB_DWS_>=70_0_0","ENG, FRA",85
NA,OTB_DWS_100-119_0_0,,"OTB_DWS_100-119_0_0, OTB_DWS_100-129_0_0","ENG, ESP, FRA, IRL, SCT",2842
NA,OTB_DWS_>=120_0_0,,OTB_DWS_>=120_0_0,"FRA, LTU, SCT",2606
NA,OTB_DWS_>0_0_0,,,,
NA,OTB_MCD_<16_0_0,,,,
NA,OTB_MCD_16-31_0_0,,,,
NA,OTB_MCD_32-39_0_0,,,,
NA,OTB_MCD_40-54_0_0,,,,
NA,OTB_MCD_55-64_0_0,,OTB_MCD_>=55_0_0,ESP,90958
NA,OTB_MCD_65-69_0_0,,,,
NA,OTB_MCD_70-99_0_0,,"OTB_MCD_70-99_0_0, OTB_MCD_>=70_0_0","BEL, NLD",1499
NA,OTB_MCD_100-119_0_0,,,,
NA,OTB_MCD_>=120_0_0,,,,
NA,OTB_MCD_>0_0_0,,,,
NA,OTB_MCF_<16_0_0,,,,
NA,OTB_MCF_16-31_0_0,,,,
NA,OTB_MCF_32-39_0_0,,,,
NA,OTB_MCF_40-54_0_0,,,,
NA,OTB_MCF_55-64_0_0,,,,
NA,OTB_MCF_65-69_0_0,,,,
NA,OTB_MCF_70-99_0_0,,OTB_MCF_>=70_0_0,ESP,194
NA,OTB_MCF_100-119_0_0,,,,
NA,OTB_MCF_>=120_0_0,,OTB_MCF_>=120_0_0,IRL,3996
NA,OTB_MCF_>0_0_0,,,,
NA,OTB_MDD_<16_0_0,,,,
NA,OTB_MDD_16-31_0_0,,,,
NA,OTB_MDD_32-39_0_0,,,,
NA,OTB_MDD_40-54_0_0,,,,
NA,OTB_MDD_55-64_0_0,,,,
NA,OTB_MDD_65-69_0_0,,,,
NA,OTB_MDD_70-99_0_0,,,,
NA,OTB_MDD_100-119_0_0,,,,
NA,OTB_MDD_>=120_0_0,,"OTB_MDD_>=200_0_0, OTB_MDD_>=220_0_0, OTB_MDD_130-219_0_0, OTB_MDD_130_0_0","ESP, LTU, PRT",673
NA,OTB_MDD_>0_0_0,,,,
NA,OTB_MOL_<16_0_0,,OTB_MOL_<16_0_0,"ENG, SCT, WLS",23
NA,OTB_MOL_16-31_0_0,,OTB_MOL_16-31_0_0,"ENG, FRA",27
NA,OTB_MOL_32-39_0_0,,"OTB_MOL_32-54_0_0, OTB_MOL_32-69_0_0","ENG, FRA, NIR, SCT, WLS",503
NA,OTB_MOL_40-54_0_0,,,,
NA,OTB_MOL_55-64_0_0,,,,
NA,OTB_MOL_65-69_0_0,,,,
NA,OTB_MOL_70-99_0_0,,"OTB_MOL_70-99_0_0, OTB_MOL_70-89_0_0, OTB_MOL_>=70_0_0","CHA, ENG, FRA, NIR, SCT, WLS",54072
NA,OTB_MOL_100-119_0_0,,OTB_MOL_100-119_0_0,"ENG, FRA, NIR, SCT, WLS",2805
NA,OTB_MOL_>=120_0_0,,OTB_MOL_>=120_0_0,"ENG, SCT",217
NA,OTB_MOL_>0_0_0,,OTB_MOL_0_0_0,FRA,36
NA,OTB_MPD_<16_0_0,,,,
NA,OTB_MPD_16-31_0_0,,,,
NA,OTB_MPD_32-39_0_0,,,,
NA,OTB_MPD_40-54_0_0,,,,
NA,OTB_MPD_55-64_0_0,,OTB_MPD_>=55_0_0,ESP,11800
NA,OTB_MPD_65-69_0_0,,,,
NA,OTB_MPD_70-99_0_0,,OTB_MPD_>=70_0_0,ESP,26
NA,OTB_MPD_100-119_0_0,,,,
NA,OTB_MPD_>=120_0_0,,,,
NA,OTB_MPD_>0_0_0,,,,
NA,OTB_SPF_<16_0_0,,OTB_SPF_<16_0_0,"ENG, FRA, SCT",6
NA,OTB_SPF_16-31_0_0,,OTB_SPF_16-31_0_0,"ENG, FRA, IRL",483
NA,OTB_SPF_32-39_0_0,,"OTB_SPF_32-54_0_0, OTB_SPF_32-69_0_0","DNK, ENG, FRA, IRL, SCT",383
NA,OTB_SPF_40-54_0_0,,,,
NA,OTB_SPF_55-64_0_0,,OTB_SPF_>=55_0_0,ESP,3
NA,OTB_SPF_65-69_0_0,,,,
NA,OTB_SPF_70-99_0_0,,"OTB_SPF_70-99_0_0, OTB_SPF_70-89_0_0, OTB_SPF_>=70_0_0","CHA, ENG, ESP, FRA, NIR, SCT, WLS",3831
NA,OTB_SPF_100-119_0_0,,OTB_SPF_100-119_0_0,"ENG, FRA, SCT, WLS",55
NA,OTB_SPF_>=120_0_0,,OTB_SPF_>=120_0_0,WLS,8
NA,OTB_SPF_>0_0_0,,OTB_SPF_0_0_0,"FRA, IRL",26
NA,OTT_CRU_<16_0_0,,OTT_CRU_<16_0_0,SCT,7
NA,OTT_CRU_16-31_0_0,,OTT_CRU_16-31_0_0,FRA ,96
NA,OTT_CRU_32-39_0_0,,"OTT_CRU_32-54_0_0, OTT_CRU_32-69_0_0","FRA, SCT",394
NA,OTT_CRU_40-54_0_0,,,,
NA,OTT_CRU_55-64_0_0,,,,
NA,OTT_CRU_65-69_0_0,,,,
NA,OTT_CRU_70-99_0_0,,"OTT_CRU_70-99_0_0, OTT_CRU_70-89_0_0, OTT_CRU_>=70_0_0","ENG, FRA, NIR, SCT",107385
NA,OTT_CRU_100-119_0_0,,OTT_CRU_100-119_0_0,"FRA, NIR, SCT",3479
NA,OTT_CRU_>=120_0_0,,OTT_CRU_>=120_0_0,SCT,30
NA,OTT_CRU_>0_0_0,,OTT_CRU_0_0_0,FRA ,1324
NA,OTT_DEF_<16_0_0,,OTT_DEF_<16_0_0,ENG ,3
NA,OTT_DEF_16-31_0_0,,OTT_DEF_16-31_0_0,FRA,15
NA,OTT_DEF_32-39_0_0,,"OTT_DEF_32-54_0_0, OTT_DEF_32-69_0_0","ENG, FRA ",567
NA,OTT_DEF_40-54_0_0,,,,
NA,OTT_DEF_55-64_0_0,,OTT_DEF_55-69_0_0,FRA,37
NA,OTT_DEF_65-69_0_0,,,,
NA,OTT_DEF_70-99_0_0,,"OTT_DEF_70-99_0_0, OTT_DEF_70-89_0_0, OTT_DEF_>=70_0_0","ENG, FRA, NIR, NLD, SCT, WLS",44503
NA,OTT_DEF_100-119_0_0,,OTT_DEF_100-119_0_0,"ENG, FRA, NIR, SCT ",25784
NA,OTT_DEF_>=120_0_0,,OTT_DEF_>=120_0_0,"ENG, SCT",723
NA,OTT_DEF_>0_0_0,,OTT_DEF_0_0_0,FRA,529
NA,OTT_DWS_<16_0_0,,,,
NA,OTT_DWS_16-31_0_0,,,,
NA,OTT_DWS_32-39_0_0,,,,
NA,OTT_DWS_40-54_0_0,,,,
NA,OTT_DWS_55-64_0_0,,,,
NA,OTT_DWS_65-69_0_0,,,,
NA,OTT_DWS_70-99_0_0,,OTT_DWS_70-99_0_0,ENG,1
NA,OTT_DWS_100-119_0_0,,OTT_DWS_100-119_0_0,FRA,120
NA,OTT_DWS_>=120_0_0,,OTT_DWS_>=120_0_0,SCT,2
NA,OTT_DWS_>0_0_0,,,,
NA,OTT_MOL_<16_0_0,,OTT_MOL_<16_0_0,ENG,1
NA,OTT_MOL_16-31_0_0,,,,
NA,OTT_MOL_32-39_0_0,,,,
NA,OTT_MOL_40-54_0_0,,,,
NA,OTT_MOL_55-64_0_0,,,,
NA,OTT_MOL_65-69_0_0,,,,
NA,OTT_MOL_70-99_0_0,,"OTT_MOL_70-99_0_0, OTT_MOL_>=70_0_0","ENG, FRA, SCT",4224
NA,OTT_MOL_100-119_0_0,,OTT_MOL_100-119_0_0,"ENG, SCT",93
NA,OTT_MOL_>=120_0_0,,OTT_MOL_>=120_0_0,SCT,34
NA,OTT_MOL_>0_0_0,,,,
NA,PTB_CRU_<16_0_0,,,,
NA,PTB_CRU_16-31_0_0,,,,
NA,PTB_CRU_32-39_0_0,,PTB_CRU_32-69_0_0,"ENG, SCT",3
NA,PTB_CRU_40-54_0_0,,,,
NA,PTB_CRU_55-64_0_0,,,,
NA,PTB_CRU_65-69_0_0,,,,
NA,PTB_CRU_70-99_0_0,,PTB_CRU_70-99_0_0,SCT,9
NA,PTB_CRU_100-119_0_0,,PTB_CRU_100-119_0_0,ENG,1
NA,PTB_CRU_>=120_0_0,,PTB_CRU_>=120_0_0,SCT,8
NA,PTB_CRU_>0_0_0,,,,
NA,PTB_DEF_<16_0_0,,,,
NA,PTB_DEF_16-31_0_0,,,,
NA,PTB_DEF_32-39_0_0,,,,
NA,PTB_DEF_40-54_0_0,,,,
NA,PTB_DEF_55-64_0_0,,,,
NA,PTB_DEF_65-69_0_0,,,,
NA,PTB_DEF_70-99_0_0,,"PTB_DEF_70-99_0_0, PTB_DEF_70-89_0_0, PTB_DEF_>=70_0_0","ENG, ESP, FRA, SCT",2830
NA,PTB_DEF_100-119_0_0,,PTB_DEF_100-119_0_0,"ENG, FRA, NIR, SCT",81
NA,PTB_DEF_>=120_0_0,,PTB_DEF_>=120_0_0,"ENG, FRA, NLD, SCT",423
NA,PTB_DEF_>0_0_0,,,,
NA,PTB_MPD_<16_0_0,,,,
NA,PTB_MPD_16-31_0_0,,,,
NA,PTB_MPD_32-39_0_0,,,,
NA,PTB_MPD_40-54_0_0,,,,
NA,PTB_MPD_55-64_0_0,,PTB_MPD_>=55_0_0,ESP,22509
NA,PTB_MPD_65-69_0_0,,,,
NA,PTB_MPD_70-99_0_0,,,,
NA,PTB_MPD_100-119_0_0,,,,
NA,PTB_MPD_>=120_0_0,,,,
NA,PTB_MPD_>0_0_0,,,,
NA,PTB_SPF_<16_0_0,,PTB_SPF_<16_0_0,SCT,1
NA,PTB_SPF_16-31_0_0,,,,
NA,PTB_SPF_32-39_0_0,,PTB_SPF_32-69_0_0,"ENG, SCT",6
NA,PTB_SPF_40-54_0_0,,,,
NA,PTB_SPF_55-64_0_0,,,,
NA,PTB_SPF_65-69_0_0,,,,
NA,PTB_SPF_70-99_0_0,,,,
NA,PTB_SPF_100-119_0_0,,,,
NA,PTB_SPF_>=120_0_0,,PTB_SPF_>=120_0_0,SCT,3
NA,PTB_SPF_>0_0_0,,,,
NA,TBB_CRU_<16_0_0,,TBB_CRU_<16_0_0,NIR,1
NA,TBB_CRU_16-31_0_0,,"TBB_CRU_16-31_0_0, TBB_CRU_>=20_0_0","BEL, ENG, FRA, NIR, PRT",2468
NA,TBB_CRU_32-39_0_0,,TBB_CRU_32-54_0_0,FRA,4
NA,TBB_CRU_40-54_0_0,,,,
NA,TBB_CRU_55-64_0_0,,,,
NA,TBB_CRU_65-69_0_0,,,,
NA,TBB_CRU_70-99_0_0,,TBB_CRU_70-99_0_0,"ENG, NIR, SCT",12
NA,TBB_CRU_100-119_0_0,,TBB_CRU_100-119_0_0,ENG ,1
NA,TBB_CRU_>=120_0_0,,,,
NA,TBB_CRU_>0_0_0,,TBB_CRU_0_0_0,FRA,2
NA,TBB_DEF_<16_0_0,,TBB_DEF_<16_0_0,ENG,19
NA,TBB_DEF_16-31_0_0,,TBB_DEF_16-31_0_0,"ENG, NLD, WLS",94
NA,TBB_DEF_32-39_0_0,,TBB_DEF_32-69_0_0,ENG,5
NA,TBB_DEF_40-54_0_0,,TBB_DEF_<55_0_0,PRT,2489
NA,TBB_DEF_55-64_0_0,,,,
NA,TBB_DEF_65-69_0_0,,,,
NA,TBB_DEF_70-99_0_0,,"TBB_DEF_70-99_0_0, TBB_DEF_70-89_0_0, TBB_DEF_>=70_0_0","BEL, ENG, FRA, IRL, NLD, WLS",593753
NA,TBB_DEF_100-119_0_0,,TBB_DEF_100-119_0_0,"BEL, ENG, WLS",117
NA,TBB_DEF_>=120_0_0,,TBB_DEF_>=120_0_0,"BEL, ENG",13
NA,TBB_DEF_>0_0_0,,TBB_DEF_0_0_0,"FRA, NLD",13
NA,TBB_MOL_<16_0_0,,,,
NA,TBB_MOL_16-31_0_0,,,,
NA,TBB_MOL_32-39_0_0,,,,
NA,TBB_MOL_40-54_0_0,,,,
NA,TBB_MOL_55-64_0_0,,TBB_MOL_<55_0_0,ESP,20314
NA,TBB_MOL_65-69_0_0,,,,
NA,TBB_MOL_70-99_0_0,,,,
NA,TBB_MOL_100-119_0_0,,,,
NA,TBB_MOL_>=120_0_0,,,,
NA,TBB_MOL_>0_0_0,,TBB_MOL_0_0_0,FRA,2
NA,OTM_DEF_<16_0_0,,OTM_DEF_<16_0_0,"ENG, NIR",3
NA,OTM_DEF_16-31_0_0,,OTM_DEF_16-31_0_0,"ENG, FRA, SCT",8
NA,OTM_DEF_32-39_0_0,,"OTM_DEF_32-54_0_0, OTM_DEF_32-69_0_0","DNK, ENG, FRA, SCT",350
NA,OTM_DEF_40-54_0_0,,,,
NA,OTM_DEF_55-64_0_0,,,,
NA,OTM_DEF_65-69_0_0,,,,
NA,OTM_DEF_70-99_0_0,,"OTM_DEF_70-99_0_0, OTM_DEF_70-89_0_0, OTM_DEF_>=70_0_0","CHA, ENG, FRA, NIR, SCT, WLS",773
NA,OTM_DEF_100-119_0_0,,"OTM_DEF_100-119_0_0, OTM_DEF_100-129_0_0","DEU, ENG, FRA, LTU, NIR, SCT",689
NA,OTM_DEF_>=120_0_0,,"OTM_DEF_>=120_0_0, OTM_DEF_130-219_0_0","DEU, ESP, NIR, SCT",58
NA,OTM_DEF_>0_0_0,,OTM_DEF_0_0_0,"DEU, FRA",91
NA,OTM_DWS_>0_0_0,,OTM_DWS_0_0_0,DEU,78
NA,OTM_LPF_70-99_0_0,,,,
NA,OTM_LPF_100-119_0_0,,,,
NA,OTM_LPF_>=120_0_0,,,,
NA,OTM_LPF_>0_0_0,,OTM_LPF_0_0_0,IRL,17
NA,OTM_SPF_<16_0_0,,OTM_SPF_<16_0_0,"ENG, NLD",19
NA,OTM_SPF_16-31_0_0,,OTM_SPF_16-31_0_0,"DEU, DNK, ENG, FRA, IRL, NLD, SCT",3695
NA,OTM_SPF_32-39_0_0,,"OTM_SPF_32-54_0_0, OTM_SPF_32-69_0_0","DEU, DNK, ENG, FRA, IRL, NIR, NLD, POL, SCT",6873
NA,OTM_SPF_40-54_0_0,,OTM_SPF_40-59_0_0,LTU,9
NA,OTM_SPF_55-64_0_0,,"OTM_SPF_55-69_0_0, OTM_SPF_>=55_0_0","NLD, PRT",62
NA,OTM_SPF_65-69_0_0,,,,
NA,OTM_SPF_70-99_0_0,,"OTM_SPF_70-99_0_0, OTM_SPF_>=70_0_0","CHA, ENG, FRA, IRL, NIR, SCT",155
NA,OTM_SPF_100-119_0_0,,OTM_SPF_100-119_0_0,"NIR, NLD, SCT",11
NA,OTM_SPF_>=120_0_0,,OTM_SPF_>=120_0_0,NLD,9
NA,OTM_SPF_>0_0_0,,OTM_SPF_0_0_0,NLD,4
NA,PTM_DEF_<16_0_0,,,,
NA,PTM_DEF_16-31_0_0,,PTM_DEF_16-31_0_0,FRA,320
NA,PTM_DEF_32-39_0_0,,"PTM_DEF_32-54_0_0, PTM_DEF_32-69_0_0",FRA,116
NA,PTM_DEF_40-54_0_0,,,,
NA,PTM_DEF_55-64_0_0,,,,
NA,PTM_DEF_65-69_0_0,,,,
NA,PTM_DEF_70-99_0_0,,"PTM_DEF_70-99_0_0, PTM_DEF_70-89_0_0, PTM_DEF_>=70_0_0",FRA,11388
NA,PTM_DEF_100-119_0_0,,PTM_DEF_100-119_0_0,FRA,4010
NA,PTM_DEF_>=120_0_0,,,,
NA,PTM_DEF_>0_0_0,,PTM_DEF_0_0_0,FRA,164
NA,PTM_LPF_<16_0_0,,,,
NA,PTM_LPF_16-31_0_0,,PTM_LPF_16-31_0_0,FRA,37
NA,PTM_LPF_32-39_0_0,,"PTM_LPF_32-54_0_0, PTM_LPF_32-69_0_0","FRA, IRL",126
NA,PTM_LPF_40-54_0_0,,,,
NA,PTM_LPF_55-64_0_0,,PTM_LPF_>=55_0_0,FRA,5
NA,PTM_LPF_65-69_0_0,,PTM_LPF_>=65_0_0,IRL,17999
NA,PTM_LPF_70-99_0_0,,"PTM_LPF_70-99_0_0, PTM_LPF_>=70_0_0",FRA,2543
NA,PTM_LPF_100-119_0_0,,PTM_LPF_100-119_0_0,"FRA, IRL",134402
NA,PTM_LPF_>=120_0_0,,,,
NA,PTM_LPF_>0_0_0,,PTM_LPF_0_0_0,"FRA, IRL",54205
NA,PTM_SPF_<16_0_0,,PTM_SPF_<16_0_0,SCT,104
NA,PTM_SPF_16-31_0_0,,PTM_SPF_16-31_0_0,"ENG, FRA, IRL, NIR, NLD, SCT",11584
NA,PTM_SPF_32-39_0_0,,"PTM_SPF_32-54_0_0, PTM_SPF_32-69_0_0","ENG, FRA, IRL, NIR, NLD, SCT",360439
NA,PTM_SPF_40-54_0_0,,,,
NA,PTM_SPF_55-64_0_0,,PTM_SPF_>=55_0_0,FRA,30
NA,PTM_SPF_65-69_0_0,,,,
NA,PTM_SPF_70-99_0_0,,"PTM_SPF_70-99_0_0, PTM_SPF_70-89_0_0, PTM_SPF_>=70_0_0","CHA, ENG, FRA, SCT",3632
NA,PTM_SPF_100-119_0_0,,PTM_SPF_100-119_0_0,"FRA, SCT",57
NA,PTM_SPF_>=120_0_0,,,,
NA,PTM_SPF_>0_0_0,,PTM_SPF_0_0_0,"FRA, IRL",4125
NA,SDN_DEF_<16_0_0,,,,
NA,SDN_DEF_16-31_0_0,,SDN_DEF_16-31_0_0,FRA,2
NA,SDN_DEF_32-39_0_0,,SDN_DEF_32-69_0_0,FRA,2
NA,SDN_DEF_40-54_0_0,,,,
NA,SDN_DEF_55-64_0_0,,,,
NA,SDN_DEF_65-69_0_0,,,,
NA,SDN_DEF_70-99_0_0,,"SDN_DEF_70-99_0_0, SDN_DEF_70-89_0_0, SDN_DEF_>=70_0_0","FRA, NLD",3120
NA,SDN_DEF_100-119_0_0,,SDN_DEF_100-119_0_0,"FRA, NLD",250
NA,SDN_DEF_>=120_0_0,,SDN_DEF_>=120_0_0,"FRA, SCT",51
NA,SDN_DEF_>0_0_0,,"SDN_DEF_>0_0_0, SDN_DEF_0_0_0","BEL, FRA",4940
NA,SDN_MCF_<16_0_0,,,,
NA,SDN_MCF_16-31_0_0,,,,
NA,SDN_MCF_32-39_0_0,,,,
NA,SDN_MCF_40-54_0_0,,,,
NA,SDN_MCF_55-64_0_0,,SDN_MCF_<55_0_0,ESP,13285
NA,SDN_MCF_65-69_0_0,,,,
NA,SDN_MCF_70-99_0_0,,,,
NA,SDN_MCF_100-119_0_0,,,,
NA,SDN_MCF_>=120_0_0,,,,
NA,SDN_MCF_>0_0_0,,,,
NA,SSC_DEF_<16_0_0,,SSC_DEF_<16_0_0,ENG,1
NA,SSC_DEF_16-31_0_0,,SSC_DEF_16-31_0_0,ENG,11
NA,SSC_DEF_32-39_0_0,,,,
NA,SSC_DEF_40-54_0_0,,,,
NA,SSC_DEF_55-64_0_0,,,,
NA,SSC_DEF_65-69_0_0,,,,
NA,SSC_DEF_70-99_0_0,,"SSC_DEF_70-99_0_0, SSC_DEF_>=70_0_0","BEL, ENG, NLD, SCT",918
NA,SSC_DEF_100-119_0_0,,SSC_DEF_100-119_0_0,"IRL, NIR, NLD, SCT",1275936
NA,SSC_DEF_>=120_0_0,,SSC_DEF_>=120_0_0,"NIR, SCT",180
NA,SSC_DEF_>0_0_0,,SSC_DEF_0_0_0,NLD,3
NA,PS_DEF_>0_0_0,,PS_DEF_0_0_0,FRA,1467
NA,PS_LPF_>0_0_0,,PS_LPF_0_0_0,FRA,95
NA,PS_SPF_<16_0_0,,PS_SPF_>=16_0_0,PRT,38268
NA,PS_SPF_16-31_0_0,,PS_SPF_16-31_0_0,FRA,1451
NA,PS_SPF_32-39_0_0,,,,
NA,PS_SPF_40-54_0_0,,,,
NA,PS_SPF_55-64_0_0,,,,
NA,PS_SPF_65-69_0_0,,,,
NA,PS_SPF_70-99_0_0,,,,
NA,PS_SPF_100-119_0_0,,,,
NA,PS_SPF_>=120_0_0,,PS_SPF_>=120_0_0,FRA,357
NA,PS_SPF_>0_0_0,,"PS_SPF_>0_0_0, PS_SPF_0_0_0","ENG, ESP, FRA, NIR, PRT, SCT",228284
NA,SB_FIF_>0_0_0,,"SB_FIF_>0_0_0, SB_FIF_0_0_0","ENG, ESP, FRA, NIR, PRT, SCT",232
MED,DRB_MOL_>0_0_0,,,,
MED,FPN_LPF_>0_0_0,,,,
MED,FPO_CRU_>0_0_0,,,,
MED,FPO_DEF_>0_0_0,,,,
MED,FYK_CAT_>0_0_0,,,,
MED,FYK_DEF_>0_0_0,,,,
MED,GND_DEF_<16_0_0,,,,
MED,GND_DEF_>=16_0_0,,,,
MED,GND_DEF_>0_0_0,,,,
MED,GND_SPF_<16_0_0,,,,
MED,GND_SPF_>=16_0_0,,,,
MED,GND_SPF_>0_0_0,,,,
MED,GNS_DEF_<16_0_0,,,,
MED,GNS_DEF_>=16_0_0,,,,
MED,GNS_DEF_>0_0_0,,,,
MED,GNS_SLP_<16_0_0,,,,
MED,GNS_SLP_>=16_0_0,,,,
MED,GNS_SLP_>0_0_0,,,,
MED,GTR_DEF_<16_0_0,,,,
MED,GTR_DEF_>=16_0_0,,,,
MED,GTR_DEF_>0_0_0,,,,
MED,LA_SLP_>14_0_0,,,,
MED,LA_SLP_>0_0_0,,,,
MED,LH_CEP_0_0_0,,,,
MED,LH_FIF_0_0_0,,,,
MED,LLD_LPF_0_0_0,,,,
MED,LLS_FIF_0_0_0,,,,
MED,LTL_LPF_0_0_0,,,,
MED,MIS_MIS_0_0_0,,,,
MED,OTB_DEF_<40_0_0,,,,
MED,OTB_DEF_>=40_0_0,,,,
MED,OTB_DEF_>0_0_0,,,,
MED,OTB_DWS_<40_0_0,,,,
MED,OTB_DWS_>=40_0_0,,,,
MED,OTB_DWS_>0_0_0,,,,
MED,OTB_MDD_<40_0_0,,,,
MED,OTB_MDD_>=40_0_0,,,,
MED,OTB_MDD_>0_0_0,,,,
MED,OTM_MPD_<14_0_0,,,,
MED,OTM_MPD_14-19_0_0,,,,
MED,OTM_MPD_>=20_0_0,,,,
MED,OTM_MPD_>0_0_0,,,,
MED,PS_LPF_<14_0_0,,,,
MED,PS_LPF_>=14_0_0,,,,
MED,PS_LPF_>0_0_0,,,,
MED,PS_SPF_<14_0_0,,,,
MED,PS_SPF_>=14_0_0,,,,
MED,PS_SPF_>0_0_0,,,,
MED,PTM_SPF_<14_0_0,,,,
MED,PTM_SPF_14-19_0_0,,,,
MED,PTM_SPF_>=20_0_0,,,,
MED,PTM_SPF_>0_0_0,,,,
MED,SB_FIF_>0_0_0,,,,
MED,SV_FIF_>0_0_0,,,,
MED,TBB_DEF_<40_0_0,,,,
MED,TBB_DEF_>=40_0_0,,,,
MED,TBB_DEF_>0_0_0,,,,
BS,DRB_MOL_>0_0_0,,"DRB_MOL_>=0_0_0, DRB_MOL_>0_0_0, DRB_MOL_0_0_0","DEU, DNK, SWE",127
BS,FPN_ANA_>0_0_0,,FPN_ANA_>0_0_0,"DEU, DNK, SWE",1228
BS,FPN_CAT_>0_0_0,,FPN_CAT_>0_0_0,"DEU, DNK, SWE",46570
BS,FPN_CRU_>0_0_0,,FPN_CRU_>0_0_0,DNK,794
BS,FPN_DEF_>0_0_0,,FPN_DEF_>0_0_0,"DEU, DNK, SWE",4885
BS,FPN_FWS_>0_0_0,,FPN_FWS_>0_0_0,"DEU, DNK, POL, SWE",4826
BS,FPN_SPF_>0_0_0,,FPN_SPF_>0_0_0,"DEU, DNK, EST, LVA, SWE",15394
BS,FPO_ANA_>0_0_0,,FPO_ANA_>0_0_0,"DEU, POL, SWE",36148
BS,FPO_CAT_>0_0_0,,FPO_CAT_>0_0_0,"DEU, DNK, POL, SWE",9192
BS,FPO_CRU_>0_0_0,,"FPO_CRU_>0_0_0, FPO_CRU_0_0_0","POL, SWE",6
BS,FPO_DEF_>0_0_0,,"FPO_DEF_>0_0_0, FPO_FIF_>0_0_0","DEU, DNK, POL, SWE",6822
BS,FPO_FWS_>0_0_0,,FPO_FWS_>0_0_0,"DEU, FIN, LVA, POL, SWE",141583
BS,FPO_MOL_>0_0_0,,FPO_MOL_>0_0_0,DNK,2
BS,FPO_SPF_>0_0_0,,FPO_SPF_>0_0_0,"DEU, DNK, LTU, POL, SWE",12761
BS,FYK_ANA_>0_0_0,,FYK_ANA_>0_0_0,"FIN, SWE",147380
BS,FYK_CAT_>0_0_0,,FYK_CAT_>0_0_0,"DNK, SWE",24687
BS,FYK_DEF_>0_0_0,,,,
BS,FYK_FWS_>0_0_0,,FYK_FWS_>0_0_0,"FIN, LVA, SWE",191293
BS,FYK_SPF_>0_0_0,,FYK_SPF_>0_0_0,"FIN, SWE",59336
BS,GND_ANA_>=157_0_0,,GND_ANA_>=157_0_0,"DNK, POL, SWE",35
BS,GND_ANA_>0_0_0,,,,
BS,GNS_ANA_>=157_0_0,,GNS_ANA_>=157_0_0,"DEU, DNK, LVA, POL, SWE",23313
BS,GNS_ANA_>0_0_0,,,,
BS,GNS_ANA_110-156_0_0,,GNS_ANA_110-156_0_0,"DNK, POL, SWE",3604
BS,GNS_ANA_90-109_0_0,,GNS_ANA_90-109_0_0,DNK ,1
BS,GNS_CAT_>0_0_0,,GNS_CAT_>0_0_0,"DEU, DNK, POL, SWE",10968
BS,GNS_CRU_>0_0_0,,GNS_CRU_>0_0_0,DNK,5437
BS,GNS_DEF_>=157_0_0,,"GNS_DEF_>=157_0_0, GNS_DEF_>=220_0_0","DNK, LTU, LVA, POL, SWE",55524
BS,GNS_DEF_>0_0_0,,,,
BS,GNS_DEF_110-156_0_0,,GNS_DEF_110-156_0_0,"DEU, DNK, EST, FIN, LTU, LVA, POL, SWE",493958
BS,GNS_DEF_32-89_0_0,,GNS_DEF_60-79_0_0,LVA,199
BS,GNS_DEF_90-109_0_0,,GNS_DEF_90-109_0_0,"DNK, LTU, SWE",792
BS,GNS_FWS_>0_0_0,,GNS_FWS_>0_0_0,"DEU, DNK, FIN, LTU, LVA, POL, SWE",964965
BS,GNS_SPF_>=157_0_0,,GNS_SPF_>=157_0_0,"DNK, POL, SWE",61
BS,GNS_SPF_>0_0_0,,,,
BS,GNS_SPF_110-156_0_0,,GNS_SPF_110-156_0_0,"DNK, LTU, POL",1176
BS,GNS_SPF_16-31_0_0,,,,
BS,GNS_SPF_32-89_0_0,,"GNS_SPF_16-109_0_0, GNS_SPF_32-109_0_0","DEU, DNK, FIN, LTU, LVA, POL, SWE",62903
BS,GNS_SPF_90-109_0_0,,,,
BS,GTR_CAT_>0_0_0,,GTR_CAT_>0_0_0,SWE,175
BS,GTR_DEF_>=157_0_0,,GTR_DEF_>=157_0_0,SWE,2311
BS,GTR_DEF_>0_0_0,,GTR_DEF_0_0_0,POL,3
BS,GTR_DEF_110-156_0_0,,GTR_DEF_110-156_0_0,"DEU, SWE",24095
BS,GTR_DEF_90-109_0_0,,GTR_DEF_90-109_0_0,SWE,1
BS,GTR_FWS_>0_0_0,,GTR_FWS_>0_0_0,"DEU, POL, SWE",395
BS,GTR_SPF_>=157_0_0,,,,
BS,GTR_SPF_>0_0_0,,,,
BS,GTR_SPF_110-156_0_0,,,,
BS,GTR_SPF_16-31_0_0,,,,
BS,GTR_SPF_32-89_0_0,,GTR_SPF_32-109_0_0,"DEU, SWE",73
BS,GTR_SPF_90-109_0_0,,,,
BS,LHP_FIF_0_0_0,,LHP_FIF_0_0_0,"DEU, DNK, SWE",1338
BS,LLD_ANA_0_0_0,,LLD_ANA_0_0_0,"DEU, DNK, FIN, LVA, POL, SWE",7933
BS,LLD_FIF_0_0_0,,LLD_DEF_0_0_0,POL ,3
BS,LLD_SPF_0_0_0,,LLD_SPF_0_0_0,"DNK, POL",7
BS,LLS_ANA_0_0_0,,LLS_ANA_0_0_0,"DEU, DNK, POL, SWE",408
BS,LLS_CAT_0_0_0,,LLS_CAT_0_0_0,"DEU, DNK, POL, SWE",6541
BS,LLS_FIF_0_0_0,,LLS_DEF_0_0_0,"DEU, DNK, FIN, LTU, LVA, POL, SWE",29397
BS,LLS_FWS_0_0_0,,LLS_FWS_0_0_0,"DEU, DNK, FIN, POL",20262
BS,LLS_SPF_0_0_0,,LLS_SPF_0_0_0,"DEU, DNK, POL ",268
BS,MIS_MIS_0_0_0,,"MIS_MIS_0_0_0, NULL","DEU, DNK, FIN, POL, SWE",1324
BS,OTB_CRU_>0_0_0,,OTB_CRU_>0_0_0,"DEU, DNK, SWE",529
BS,OTB_DEF_<16_0_0,,OTB_DEF_<16_0_0,"DEU, DNK, POL",260
BS,OTB_DEF_>=105_1_110,,OTB_DEF_>=105_1_110,"DEU, DNK, LVA, SWE",14010
BS,OTB_DEF_>=105_1_120,,OTB_DEF_>=105_1_120,"DEU, DNK, FIN, LTU, LVA, POL, SWE",128171
BS,OTB_DEF_>=120_0_0,,OTB_DEF_>=120_0_0,"LTU, SWE",2652
BS,OTB_DEF_>0_0_0,,,,
BS,OTB_DEF_16-31_0_0,,,,
BS,OTB_DEF_32-89_0_0,,,,
BS,OTB_DEF_90-104_0_0,,OTB_DEF_90-104_0_0,"DEU, DNK ",11633
BS,OTB_FWS_>0_0_0,,OTB_FWS_>0_0_0,"DEU, DNK, POL, SWE",4596
BS,OTB_SPF_<16_0_0,,,,
BS,OTB_SPF_>=105_1_110,,,,
BS,OTB_SPF_>=105_1_120,,OTB_SPF_>=105_1_120,DNK,4
BS,OTB_SPF_>=120_0_0,,OTB_SPF_>=120_0_0,POL,108
BS,OTB_SPF_>0_0_0,,,,
BS,OTB_SPF_16-31_0_0,,"OTB_SPF_16-31_0_0, OTB_SPF_16-104_0_0","DEU, DNK, LTU, LVA, POL, SWE",9057
BS,OTB_SPF_32-89_0_0,,"OTB_SPF_32-89_0_0, OTB_SPF_32-104_0_0","DEU, DNK, POL, SWE",2022
BS,OTB_SPF_90-104_0_0,,OTB_SPF_90-104_0_0,DNK ,8
BS,OTM_DEF_<16_0_0,,OTM_DEF_<16_0_0,"DNK, POL",1540
BS,OTM_DEF_>=105_1_110,,OTM_DEF_>=105_1_110,"DEU, DNK, EST, SWE",720
BS,OTM_DEF_>=105_1_120,,OTM_DEF_>=105_1_120,"DEU, DNK, FIN, STU, LVA, POL, SWE",1435
BS,OTB_SPF_>=120_0_0,,OTM_SPF_>120_0_0,"LTU, SWE",14
BS,OTM_DEF_>0_0_0,,,,
BS,OTM_DEF_16-31_0_0,,,,
BS,OTM_DEF_32-89_0_0,,,,
BS,OTM_DEF_90-104_0_0,,OTM_DEF_90-104_0_0,DEU ,1
BS,OTM_FWS_>0_0_0,,OTM_FWS_>0_0_0,FIN,1058
BS,OTM_SPF_<16_0_0,,,,
BS,OTM_SPF_>=105_1_110,,OTM_SPF_>=105_1_110,DNK,2
BS,OTM_SPF_>=105_1_120,,OTM_SPF_>=105_1_120,LTU,1
BS,OTM_SPF_>0_0_0,,,,
BS,OTM_SPF_16-31_0_0,,"OTM_SPF_16-31_0_0, OTM_SPF_16-104_0_0","DEU, DNK, EST, FIN, LTU, LVA, POL, SWE",145474
BS,OTM_SPF_32-89_0_0,,"OTM_SPF_32-89_0_0, OTM_SPF_32-69_0_0, OTM_SPF_32-104_0_0, OTM_SPF_40-59_0_0","DEU, DNK, LTU, POL, SWE",22032
BS,OTM_SPF_90-104_0_0,,,,
BS,OTT_DEF_<16_0_0,,,,
BS,OTT_DEF_>=105_1_110,,OTT_DEF_>=105_1_110,SWE,1
BS,OTT_DEF_>=105_1_120,,OTT_DEF_>=105_1_120,"DEU, SWE",2085
BS,OTT_DEF_>=120_0_0,,OTT_DEF_>=120_0_0,SWE,187
BS,OTT_DEF_>0_0_0,,,,
BS,OTT_DEF_16-31_0_0,,,,
BS,OTT_DEF_32-89_0_0,,,,
BS,OTT_DEF_90-104_0_0,,,,
BS,PS_SPF_<16_0_0,,,,
BS,PS_SPF_>=105_1_110,,,,
BS,PS_SPF_>=105_1_120,,,,
BS,PS_SPF_>0_0_0,,,,
BS,PS_SPF_16-31_0_0,,PS_SPF_16-31_0_0,"DNK, SWE",875
BS,PS_SPF_32-89_0_0,,PS_SPF_32-104_0_0,SWE,53
BS,PS_SPF_90-104_0_0,,,,
BS,PTB_DEF_<16_0_0,,PTB_DEF_<16_0_0,DNK,526
BS,PTB_DEF_>=105_1_110,,PTB_DEF_>=105_1_110,"DEU, DNK, SWE",731
BS,PTB_DEF_>=105_1_120,,PTB_DEF_>=105_1_120,"DEU, DNK, POL, SWE",5070
BS,PTB_DEF_>0_0_0,,,,
BS,PTB_DEF_16-31_0_0,,,,
BS,PTB_DEF_32-89_0_0,,,,
BS,PTB_DEF_90-104_0_0,,PTB_DEF_90-104_0_0,"DEU, DNK ",1082
BS,PTB_FWS_>0_0_0,,PTB_FWS_>0_0_0,"DEU, SWE",5886
BS,PTB_SPF_<16_0_0,,,,
BS,PTB_SPF_>=105_1_110,,PTB_SPF_>=105_1_110,DNK,2
BS,PTB_SPF_>=105_1_120,,PTB_SPF_>=105_1_120,"DNK, POL",4
BS,PTB_SPF_>0_0_0,,,,
BS,PTB_SPF_16-31_0_0,,"PTB_SPF_16-31_0_0, PTB_SPF_16-104_0_0","DEU, DNK, POL, SWE",2744
BS,PTB_SPF_32-89_0_0,,"PTB_SPF_32-89_0_0, PTB_SPF_32-104_0_0","DEU, DNK, POL, SWE",5364
BS,PTB_SPF_90-104_0_0,,,,
BS,PTM_DEF_<16_0_0,,PTM_DEF_<16_0_0,"DNK, POL",939
BS,PTM_DEF_>=105_1_110,,PTM_DEF_>=105_1_110,DNK ,1
BS,PTM_DEF_>=105_1_120,,PTM_DEF_>=105_1_120,"DEU, DNK, POL",79
BS,PTM_DEF_>0_0_0,,,,
BS,PTM_DEF_16-31_0_0,,,,
BS,PTM_DEF_32-89_0_0,,,,
BS,PTM_DEF_90-104_0_0,,PTM_DEF_90-104_0_0,"DEU, DNK ",39
BS,PTM_FWS_>0_0_0,,PTM_FWS_>0_0_0,"DEU, DNK, FIN",589
BS,PTM_SPF_<16_0_0,,PTM_SPF_<16_0_0,LTU,45
BS,PTM_SPF_>=105_1_110,,PTM_SPF_>=105_1_110,DNK,2
BS,PTM_SPF_>=105_1_120,,PTM_SPF_>=105_1_120,POL,1
BS,PTM_SPF_>0_0_0,,,,
BS,PTM_SPF_16-31_0_0,,"PTM_SPF_16-31_0_0, PTM_SPF_16-104_0_0","DEU, DNK, LTU, LVA, POL, SWE",7594
BS,PTM_SPF_32-89_0_0,,"PTM_SPF_32-89_0_0, PTM_SPF_32-69_0_0, PTM_SPF_32-104_0_0","DEU, DNK, POL, SWE",11772
BS,PTM_SPF_90-104_0_0,,PTM_SPF_90-104_0_0,DNK ,1
BS,SB_FIF_>0_0_0,,SB_FIF_>0_0_0,"POL, SWE",111
BS,SDN_DEF_<16_0_0,,,,
BS,SDN_DEF_>=105_1_110,,SDN_DEF_>=105_1_110,"DEU, DNK, LVA",1717
BS,SDN_DEF_>=105_1_120,,SDN_DEF_>=105_1_120,"DEU, DNK, EST, POL",1187
BS,SDN_DEF_>0_0_0,,,,
BS,SDN_DEF_16-31_0_0,,,,
BS,SDN_DEF_32-89_0_0,,SDN_SPF_32-104_0_0,"DEU, POL",65
BS,SDN_DEF_90-104_0_0,,SDN_DEF_90-104_0_0,DNK ,9
BS,SSC_DEF_>=105_1_110,,SSC_DEF_>=105_1_110,"DEU, DNK",144
BS,SSC_DEF_>=105_1_120,,SSC_DEF_>=105_1_120,"DEU, DNK",478
BS,SSC_DEF_<16_0_0,,SSC_DEF_<16_0_0,DNK,1
BS,SSC_DEF_>0_0_0,,,,
BS,SSC_DEF_16-31_0_0,,,,
BS,SSC_DEF_32-89_0_0,,,,
BS,SSC_DEF_90-104_0_0,,,,
BS,SSC_FWS_>0_0_0,,SSC_FWS_>0_0_0,"FIN, POL",473
LD,FPN_LPF_>0_0_0,,,,
LD,FPO_CRU_>0_0_0 ,,,,
LD,FPO_FIF_>0_0_0,,,,
LD,LHM_LPF_0_0_0,,,,
LD,LHP_FIF_0_0_0,,,,
LD,LHP_LPF_0_0_0,,,,
LD,LHP_MOL_0_0_0 ,,,,
LD,LHP_SPF_0_0_0 ,,,,
LD,LLD_DWF_0_0_0,,,,
LD,LLD_LPF_0_0_0,,,,
LD,LLS_DEF_0_0_0,,,,
LD,LLS_FIF_0_0_0,,,,
LD,LLS_MOL_0_0_0 ,,,,
LD,LLS_SPF_0_0_0 ,,,,
LD,LTL_LPF_0_0_0,,,,
LD,MIS_DES_0_0_0,,,,
LD,MIS_DEF_0_0_0,,,,
LD,MIS_FIF_0_0_0,,,,
LD,MIS_LPF_0_0_0,,,,
LD,MIS_MOL_0_0_0,,,,
LD,MIS_SPF_0_0_0 ,,,,
LD,OTB_CEP_>0_0_0,,,,
LD,OTB_CEP_70-119_0_0,,,,
LD,OTB_CEP_>=120_0_0  ,,,,
LD,OTB_CRU_>0_0_0,,,,
LD,OTB_CRU_32-69_0_0,,,,
LD,OTB_CRU_70-119_0_0,,,,
LD,OTB_CRU_>=120_0_0,,,,
LD,OTB_DEF_>0_0_0,,,,
LD,OTB_DEF_70-119_0_0,,,,
LD,OTB_DEF_>=120_0_0,,,,
LD,OTB_MCF_>0_0_0,,,,
LD,OTB_MCF_70-119_0_0,,,,
LD,OTB_MCF_>=120_0_0,,,,
LD,OTM_LPF_>0_0_0,,,,
LD,OTM_LPF_70-119_0_0,,,,
LD,OTM_LPF_>=120_0_0,,,,
LD,OTM_MCF_>0_0_0,,,,
LD,OTM_MCF_70-119_0_0,,,,
LD,OTM_MCF_>=120_0_0,,,,
LD,OTM_SPF_>0_0_0,,,,
LD,OTM_SPF_32-69_0_0,,,,
LD,OTM_SPF_70-119_0_0 ,,,,
LD,OTM_SPF_>=120_0_0,,,,
LD,PS_LPF_>0_0_0,,,,
LD,PS_LPF_10-31_0_0,,,,
LD,PS_LPF_32-69_0_0,,,,
LD,PS_LPF_70-119_0_0,,,,
LD,PS_LPF_>=120_0_0,,,,
LD,PS_SPF_>0_0_0,,,,
LD,PS_SPF_10-31_0_0,,,,
LD,PS_SPF_32-69_0_0 ,,,,
LD,PS_SPF_70-119_0_0 ,,,,
LD,PS_SPF_>=120_0_0,,,,
LD,PTM_LPF_>0_0_0,,,,
LD,PTM_LPF_32-69_0_0,,,,
LD,PTM_LPF_70-119_0_0,,,,
LD,PTM_LPF_>=120_0_0,,,,
