SpecWormsCode;SpecWormsScientificName;WormsCodeType;SpecFAOCode;SpecFAOScientificName;FAOCodeType
105928;Squatina squatina;SpecWoRMS;AGN;Squatina squatina;SpecASFIS
10193;Elasmobranchii;SpecWoRMS;DWS;Elasmobranchii;SpecASFIS
105695;Triakidae;SpecWoRMS;TRK;Triakidae;SpecASFIS
105711;Rajidae;SpecWoRMS;RAJ;Rajidae;SpecASFIS
105801;Prionace glauca;SpecWoRMS;BSH;Prionace glauca;SpecASFIS
105814;Scyliorhinus canicula;SpecWoRMS;SYC;Scyliorhinus canicula;SpecASFIS
105820;Galeorhinus galeus;SpecWoRMS;GAG;Galeorhinus galeus;SpecASFIS
105837;Cetorhinus maximus;SpecWoRMS;BSK;Cetorhinus maximus;SpecASFIS
105839;Isurus oxyrinchus;SpecWoRMS;SMA;Isurus oxyrinchus;SpecASFIS
105841;Lamna nasus;SpecWoRMS;POR;Lamna nasus;SpecASFIS
105865;Amblyraja radiata;SpecWoRMS;RJR;Raja radiata;SpecASFIS
105869;Dipturus batis;SpecWoRMS;RJB;Raja batis;SpecASFIS
105873;Leucoraja circularis;SpecWoRMS;RJI;Raja circularis;SpecASFIS
105874;Leucoraja fullonica;SpecWoRMS;RJF;Raja fullonica;SpecASFIS
105876;Leucoraja naevus;SpecWoRMS;RJN;Raja naevus;SpecASFIS
105883;Raja clavata;SpecWoRMS;RJC;Raja clavata;SpecASFIS
105885;Raja microocellata;SpecWoRMS;RJE;Raja microocellata;SpecASFIS
105887;Raja montagui;SpecWoRMS;RJM;Raja montagui ;SpecASFIS
105891;Raja undulata;SpecWoRMS;RJU;Raja undulata;SpecASFIS
105901;Centrophorus squamosus;SpecWoRMS;GUQ;Centrophorus squamosus;SpecASFIS
105907;Centroscymnus coelolepis;SpecWoRMS;CYO;Centroscymnus coelolepis;SpecASFIS
105910;Dalatias licha;SpecWoRMS;SCK;Dalatias licha;SpecASFIS
105923;Squalus acanthias;SpecWoRMS;DGS;Squalus acanthias;SpecASFIS
107254;Nephrops norvegicus;SpecWoRMS;NEP;Nephrops norvegicus;SpecASFIS
107649;Pandalus borealis;SpecWoRMS;PRA;Pandalus borealis;SpecASFIS
125700;Beryx;SpecWoRMS;ALF;Beryx spp;SpecASFIS
125909;Ammodytes;SpecWoRMS;SAN;Ammodytes spp;SpecASFIS
126122;Lepidorhombus;SpecWoRMS;LEZ;Lepidorhombus spp;SpecASFIS
126281;Anguilla anguilla;SpecWoRMS;ELE;Anguilla anguilla;SpecASFIS
126402;Hoplostethus atlanticus;SpecWoRMS;ORY;Hoplostethus atlanticus;SpecASFIS
126417;Clupea harengus;SpecWoRMS;HER;Clupea harengus;SpecASFIS
126421;Sardina pilchardus;SpecWoRMS;PIL;Sardina pilchardus;SpecASFIS
126425;Sprattus sprattus;SpecWoRMS;SPR;Sprattus sprattus;SpecASFIS
126426;Engraulis encrasicolus;SpecWoRMS;ANE;Engraulis encrasicolus;SpecASFIS
126436;Gadus morhua;SpecWoRMS;COD;Gadus morhua;SpecASFIS
126437;Melanogrammus aeglefinus;SpecWoRMS;HAD;Melanogrammus aeglefinus;SpecASFIS
126438;Merlangius merlangus;SpecWoRMS;WHG;Merlangius merlangus;SpecASFIS
126439;Micromesistius poutassou;SpecWoRMS;WHB;Micromesistius poutassou;SpecASFIS
126440;Pollachius pollachius;SpecWoRMS;POL;Pollachius pollachius;SpecASFIS
126441;Pollachius virens;SpecWoRMS;POK;Pollachius virens;SpecASFIS
126444;Trisopterus esmarkii;SpecWoRMS;NOP;Trisopterus esmarkii;SpecASFIS
126447;Brosme brosme;SpecWoRMS;USK;Brosme brosme;SpecASFIS
126459;Molva dypterygia;SpecWoRMS;BLI;Molva dypterygia;SpecASFIS
126461;Molva molva;SpecWoRMS;LIN;Molva molva;SpecASFIS
126484;Merluccius merluccius;SpecWoRMS;HKE;Merluccius merluccius;SpecASFIS
126501;Phycis blennoides;SpecWoRMS;GFB;Phycis blennoides;SpecASFIS
126554;Lophius budegassa;SpecWoRMS;ANK;Lophius budegassa;SpecASFIS
126555;Lophius piscatorius;SpecWoRMS;MON;Lophius piscatorius;SpecASFIS
126715;Argentina silus;SpecWoRMS;ARU;Argentina silus;SpecASFIS
126735;Mallotus villosus;SpecWoRMS;CAP;Mallotus villosus;SpecASFIS
126821;Trachurus picturatus;SpecWoRMS;JAA;Trachurus picturatus;SpecASFIS
126822;Trachurus trachurus;SpecWoRMS;HOM;Trachurus trachurus;SpecASFIS
126975;Dicentrarchus labrax;SpecWoRMS;BSS;Dicentrarchus labrax;SpecASFIS
126986;Mullus surmuletus;SpecWoRMS;MUR;Mullus surmuletus;SpecASFIS
127023;Scomber scombrus;SpecWoRMS;MAC;Scomber scombrus;SpecASFIS
127059;Pagellus bogaraveo;SpecWoRMS;SBR;Pagellus bogaraveo;SpecASFIS
127085;Aphanopus carbo;SpecWoRMS;BSF;Aphanopus carbo;SpecASFIS
127136;Glyptocephalus cynoglossus;SpecWoRMS;WIT;Glyptocephalus cynoglossus;SpecASFIS
127139;Limanda limanda;SpecWoRMS;DAB;Limanda limanda;SpecASFIS
127140;Microstomus kitt;SpecWoRMS;LEM;Microstomus kitt ;SpecASFIS
127141;Platichthys flesus;SpecWoRMS;FLE;Platichthys flesus;SpecASFIS
127143;Pleuronectes platessa;SpecWoRMS;PLE;Pleuronectes platessa;SpecASFIS
127144;Reinhardtius hippoglossoides;SpecWoRMS;GHL;Reinhardtius hippoglossoides;SpecASFIS
127145;Lepidorhombus boscii;SpecWoRMS;LDB;Lepidorhombus boscii;SpecASFIS
127146;Lepidorhombus whiffiagonis;SpecWoRMS;MEG;Lepidorhombus whiffiagonis;SpecASFIS
127150;Scophthalmus rhombus;SpecWoRMS;BLL;Scophthalmus rhombus;SpecASFIS
127149;Scophthalmus maximus;SpecWoRMS;TUR;Scophthalmus maximus;SpecASFIS
127160;Solea solea;SpecWoRMS;SOL;Solea solea;SpecASFIS
127186;Salmo salar;SpecWoRMS;SAL;Salmo salar;SpecASFIS
127187;Salmo trutta;SpecWoRMS;TRS;Salmo trutta;SpecASFIS
127254;Sebastes mentella;SpecWoRMS;REB;Sebastes mentella;SpecASFIS
127259;Chelidonichthys cuculus;SpecWoRMS;GUR;Aspitrigla cuculus;SpecASFIS
127419;Capros aper;SpecWoRMS;BOC;Capros aper;SpecASFIS
150637;Eutrigla gurnardus;SpecWoRMS;GUG;Eutrigla gurnardus;SpecASFIS
158960;Coryphaenoides rupestris;SpecWoRMS;RNG;Coryphaenoides rupestris;SpecASFIS
274878;Chelidonichthys spinosus;SpecWoRMS;CZS;Chelidonichthys spinosus;SpecASFIS
367297;Raja brachyura;SpecWoRMS;RJH;Raja brachyura;SpecASFIS
127190;Agonus cataphractus;SpecWoRMS;AFT;Agonus cataphractus;SpecASFIS
126751;Ammodytes marinus;SpecWoRMS;QLH;Ammodytes marinus;SpecASFIS
126752;Ammodytes tobianus;SpecWoRMS;ABZ;Ammodytes tobianus;SpecASFIS
126758;Anarhichas lupus;SpecWoRMS;CAA;Anarhichas lupus;SpecASFIS
126868;Aphia minuta;SpecWoRMS;FIM;Aphia minuta;SpecASFIS
126716;Argentina sphyraena;SpecWoRMS;ARY;Argentina sphyraena;SpecASFIS
274967;Argyropelecus olfersii;SpecWoRMS;QGF;Argyropelecus olfersii;SpecASFIS
127126;Arnoglossus laterna;SpecWoRMS;MSF;Arnoglossus laterna;SpecASFIS
126375;Belone belone;SpecWoRMS;GAR;Belone belone;SpecASFIS
127153;Buglossidium luteum;SpecWoRMS;GSM;Buglossidium luteum;SpecASFIS
126792;Callionymus lyra;SpecWoRMS;LYY;Callionymus lyra;SpecASFIS
126793;Callionymus maculatus;SpecWoRMS;YHC;Callionymus maculatus;SpecASFIS
126961;Centrolabrus exoletus;SpecWoRMS;ENX;Centrolabrus exoletus;SpecASFIS
126977;Chelon labrosus;SpecWoRMS;MLR;Chelon labrosus;SpecASFIS
126448;Ciliata mustela;SpecWoRMS;LCM;Ciliata mustela;SpecASFIS
125464;Clupeidae;SpecWoRMS;CLP;Clupeidae;SpecASFIS
127178;Coregonus albula;SpecWoRMS;FVE;Coregonus albula;SpecASFIS
127180;Coregonus lavaretus;SpecWoRMS;PLN;Coregonus lavaretus;SpecASFIS
127196;Cottus gobio;SpecWoRMS;GWO;Cottus gobio;SpecASFIS
126964;Ctenolabrus rupestris;SpecWoRMS;TBR;Ctenolabrus rupestris;SpecASFIS
127214;Cyclopterus lumpus;SpecWoRMS;LUM;Cyclopterus lumpus;SpecASFIS
126450;Enchelyopus cimbrius;SpecWoRMS;ENC;Enchelyopus cimbrius;SpecASFIS
127379;Entelurus aequoreus;SpecWoRMS;ENQ;Entelurus aequoreus;SpecASFIS
154210;Esox lucius;SpecWoRMS;FPI;Esox lucius;SpecASFIS
126505;Gasterosteus aculeatus;SpecWoRMS;GTA;Gasterosteus aculeatus;SpecASFIS
125537;Gobiidae;SpecWoRMS;FGX;Gobiidae;SpecASFIS
126892;Gobius niger;SpecWoRMS;GBN;Gobius niger;SpecASFIS
127137;Hippoglossoides platessoides;SpecWoRMS;PLA;Hippoglossoides platessoides;SpecASFIS
127138;Hippoglossus hippoglossus;SpecWoRMS;HAL;Hippoglossus hippoglossus;SpecASFIS
126756;Hyperoplus lanceolatus;SpecWoRMS;YEZ;Hyperoplus lanceolatus;SpecASFIS
126965;Labrus bergylta;SpecWoRMS;USB;Labrus bergylta;SpecASFIS
101172;Lampetra fluviatilis;SpecWoRMS;LAR;Lampetra fluviatilis;SpecASFIS
127072;Leptoclinus maculatus;SpecWoRMS;QKM;Leptoclinus maculatus;SpecASFIS
127219;Liparis liparis;SpecWoRMS;LIL;Liparis liparis;SpecASFIS
154388;Lota lota;SpecWoRMS;FBU;Lota lota;SpecASFIS
154675;Lumpenus lampretaeformis;SpecWoRMS;FML;Lumpenus lampretaeformis;SpecASFIS
127118;Lycodes vahlii;SpecWoRMS;JXO;Lycodes vahlii;SpecASFIS
127312;Maurolicus muelleri;SpecWoRMS;MAV;Maurolicus muelleri;SpecASFIS
126985;Mullus barbatus;SpecWoRMS;MUT;Mullus barbatus;SpecASFIS
105821;Mustelus asterias;SpecWoRMS;SDS;Mustelus asterias;SpecASFIS
254529;Myoxocephalus quadricornis;SpecWoRMS;TGQ;Myoxocephalus quadricornis;SpecASFIS
127203;Myoxocephalus scorpius;SpecWoRMS;MXV;Myoxocephalus scorpius;SpecASFIS
101170;Myxine glutinosa;SpecWoRMS;MYG;Myxine glutinosa;SpecASFIS
127385;Nerophis ophidion;SpecWoRMS;NRO;Nerophis ophidion;SpecASFIS
126736;Osmerus eperlanus;SpecWoRMS;SME;Osmerus eperlanus;SpecASFIS
151353;Perca fluviatilis;SpecWoRMS;FPE;Perca fluviatilis;SpecASFIS
101174;Petromyzon marinus;SpecWoRMS;LAU;Petromyzon marinus;SpecASFIS
126996;Pholis gunnellus;SpecWoRMS;FGN;Pholis gunnellus;SpecASFIS
125999;Pomatoschistus;SpecWoRMS;QXS;Pomatoschistus;SpecASFIS
126927;Pomatoschistus microps;SpecWoRMS;OBD;Pomatoschistus microps;SpecASFIS
126928;Pomatoschistus minutus;SpecWoRMS;OBZ;Pomatoschistus minutus;SpecASFIS
126930;Pomatoschistus pictus;SpecWoRMS;QMP;Pomatoschistus pictus;SpecASFIS
126507;Pungitius pungitius;SpecWoRMS;GPT;Pungitius pungitius;SpecASFIS
126508;Spinachia spinachia;SpecWoRMS;GSS;Spinachia spinachia;SpecASFIS
151308;Sander lucioperca;SpecWoRMS;FPP;Sander lucioperca;SpecASFIS
125581;Soleidae;SpecWoRMS;SOX;Soleidae;SpecASFIS
273571;Symphodus melops;SpecWoRMS;YFM;Symphodus melops;SpecASFIS
127387;Syngnathus acus;SpecWoRMS;SGQ;Syngnathus acus;SpecASFIS
127389;Syngnathus rostellatus;SpecWoRMS;SFR;Syngnathus rostellatus;SpecASFIS
127393;Syngnathus typhle;SpecWoRMS;STQ;Syngnathus typhle;SpecASFIS
127082;Trachinus draco;SpecWoRMS;WEG;Trachinus draco;SpecASFIS
127262;Chelidonichthys lucerna;SpecWoRMS;GUU;Chelidonichthys lucerna;SpecASFIS
126445;Trisopterus luscus;SpecWoRMS;BIB;Trisopterus luscus;SpecASFIS
126446;Trisopterus minutus;SpecWoRMS;POD;Trisopterus minutus;SpecASFIS
126503;Urophycis chuss;SpecWoRMS;HKR;Urophycis chuss;SpecASFIS
127427;Zeus faber;SpecWoRMS;JOD;Zeus faber;SpecASFIS
159267;Zoarces americanus;SpecWoRMS;OPT;Zoarces americanus;SpecASFIS
127123;Zoarces viviparus;SpecWoRMS;ELP;Zoarces viviparus;SpecASFIS
126916;Neogobius melanostomus;SpecWoRMS;NBU;Neogobius melanostomus;SpecASFIS
126458;Gaidropsarus vulgaris;SpecWoRMS;GGU;Gaidropsarus vulgaris;SpecASFIS
126755;Hyperoplus immaculatus;SpecWoRMS;YEI;Hyperoplus immaculatus;SpecASFIS
126525;Regalecus glesne;SpecWoRMS;REL;Regalecus glesne;SpecASFIS
125589;Cottidae;SpecWoRMS;SWU;Cottidae;SpecASFIS
272030;Atherina presbyter;SpecWoRMS;ATP;Atherina presbyter;SpecASFIS
107276;Cancer pagurus;SpecWoRMS;CRE;Cancer pagurus;SpecASFIS
151302;Gymnocephalus cernuus;SpecWoRMS;ACC;Gymnocephalus cernuus;SpecASFIS
126957;Acantholabrus palloni;SpecWoRMS;AKL;Acantholabrus palloni;SpecASFIS
127204;Taurulus bubalis;SpecWoRMS;XTA;Taurulus bubalis;SpecASFIS
126285;Conger conger;SpecWoRMS;COE;Conger conger;SpecASFIS
105871;Dipturus nidarosiensis;SpecWoRMS;JAD;Dipturus nidarosiensis ;SpecASFIS
105833;Hexanchus griseus;SpecWoRMS;SBL;Hexanchus griseus;SpecASFIS
126527;Trachipterus arcticus;SpecWoRMS;TPA;Trachipterus arcticus;SpecASFIS
127124;Arnoglossus imperialis;SpecWoRMS;RLI;Arnoglossus imperialis;SpecASFIS
126761;Blennius ocellaris;SpecWoRMS;NUO;Blennius ocellaris;SpecASFIS
398381;Coelorinchus caelorhincus;SpecWoRMS;CQL;Coelorinchus caelorhincus;SpecASFIS
126835;Cepola macrophthalma;SpecWoRMS;CBC;Cepola macrophthalma;SpecASFIS
105824;Chimaera monstrosa;SpecWoRMS;CMO;Chimaera monstrosa;SpecASFIS
126663;Echiodon drummondii;SpecWoRMS;UJQ;Echiodon drummondii;SpecASFIS
126435;Gadiculus argenteus;SpecWoRMS;GDG;Gadiculus argenteus;SpecASFIS
105812;Galeus melastomus;SpecWoRMS;SHO;Galeus melastomus;SpecASFIS
127251;Helicolenus dactylopterus;SpecWoRMS;BRF;Helicolenus dactylopterus;SpecASFIS
126493;Lepidion eques;SpecWoRMS;LPS;Lepidion eques;SpecASFIS
272392;Malacocephalus laevis;SpecWoRMS;MLL;Malacocephalus laevis;SpecASFIS
274304;Microchirus variegatus;SpecWoRMS;MKG;Microchirus variegatus;SpecASFIS
105822;Mustelus mustelus;SpecWoRMS;SMD;Mustelus mustelus;SpecASFIS
125498;Myctophidae;SpecWoRMS;LXX;Myctophidae;SpecASFIS
127156;Pegusa lascaris;SpecWoRMS;SOS;Solea lascaris;SpecASFIS
126442;Raniceps raninus;SpecWoRMS;RCR;Raniceps raninus;SpecASFIS
105815;Scyliorhinus stellaris;SpecWoRMS;SYT;Scyliorhinus stellaris;SpecASFIS
150630;Echiichthys vipera ;SpecWoRMS;TOZ;Echiichthys vipera;SpecASFIS
127147;Phrynorhombus norvegicus;SpecWoRMS;FRN;Phrynorhombus norvegicus;SpecASFIS
125516;Ammodytidae;SpecWoRMS;XOX;Ammodytidae;SpecASFIS
125522;Callionymidae;SpecWoRMS;YVX;Callionymidae;SpecASFIS
127220;Liparis montagui;SpecWoRMS;LIM;Liparis montagui;SpecASFIS
127255;Sebastes viviparus;SpecWoRMS;SFV;Sebastes viviparus;SpecASFIS
126858;Epigonus telescopus;SpecWoRMS;EPI;Epigonus telescopus;SpecASFIS
138139;Loligo;SpecWoRMS;SQC;Loligo spp;SpecASFIS
127201;Micrenophrys lilljeborgii;SpecWoRMS;MIJ;Micrenophrys lilljeborgii;SpecASFIS
127205;Triglops murrayi;SpecWoRMS;TGM;Triglops murrayi;SpecASFIS
105740;Alopias;SpecWoRMS;THR;Alopias spp;SpecASFIS
126394;Beryx decadactylus;SpecWoRMS;BXD;Beryx decadactylus;SpecASFIS
126395;Beryx splendens;SpecWoRMS;BYS;Beryx splendens;SpecASFIS
125802;Lophius;SpecWoRMS;MNZ;Lophius spp;SpecASFIS
126472;Macrourus berglax;SpecWoRMS;RHG;Macrourus berglax;SpecASFIS
107044;Pandalus;SpecWoRMS;PAN;Pandalus spp;SpecASFIS
105729;Scyliorhinus;SpecWoRMS;SCL;Scyliorhinus spp;SpecASFIS
126175;Sebastes;SpecWoRMS;RED;Sebastes spp;SpecASFIS
151324;Sebastes norvegicus;SpecWoRMS;REG;Sebastes marinus;SpecASFIS
125613;Caproidae;SpecWoRMS;BOR;Caproidae;SpecASFIS
105896;Rostroraja alba;SpecWoRMS;RJA;Raja alba;SpecASFIS
213;Pectinidae;SpecWoRMS;SCX;Pectinidae;SpecASFIS
140687;Aequipecten opercularis;SpecWoRMS;QSC;Aequipecten opercularis;SpecASFIS
105732;Mustelus;SpecWoRMS;SDV;Mustelus spp;SpecASFIS
126482;Trachyrincus scabrus;SpecWoRMS;TSU;Trachyrincus scabrus;SpecASFIS
125493;Lophiidae;SpecWoRMS;ANF;Lophiidae;SpecASFIS
137130;Cepphus grylle;SpecWoRMS;HBO;Cepphus grylle;SpecASFIS
137128;Alca torda;SpecWoRMS;HBW;Alca torda;SpecASFIS
137178;Phalacrocorax aristotelis;SpecWoRMS;ISW;Phalacrocorax aristotelis;SpecASFIS
137162;Sterna hirundo;SpecWoRMS;TVA;Sterna hirundo;SpecASFIS
137133;Uria aalge;SpecWoRMS;UQT;Uria aalge;SpecASFIS
137160;Sterna dougallii;SpecWoRMS;DYR;Sterna dougallii;SpecASFIS
137142;Larus fuscus;SpecWoRMS;LOW;Larus fuscus;SpecASFIS
137165;Sterna paradisaea;SpecWoRMS;TVF;Sterna paradisaea;SpecASFIS
137195;Fulmarus glacialis;SpecWoRMS;FNO;Fulmarus glacialis;SpecASFIS
137179;Phalacrocorax carbo;SpecWoRMS;ISY;Phalacrocorax carbo;SpecASFIS
137156;Rissa tridactyla;SpecWoRMS;QDV;Rissa tridactyla;SpecASFIS
137131;Fratercula arctica;SpecWoRMS;FPA;Fratercula arctica;SpecASFIS
137147;Larus melanocephalus;SpecWoRMS;DTY;Larus melanocephalus;SpecASFIS
137138;Larus argentatus;SpecWoRMS;LHZ;Larus argentatus;SpecASFIS
137174;Stercorarius skua;SpecWoRMS;TFH;Stercorarius skua;SpecASFIS
137166;Sterna sandvicensis;SpecWoRMS;DYQ;Sterna sandvicensis;SpecASFIS
567480;Sternula albifrons;SpecWoRMS;FBP;Sternula albifrons;SpecASFIS
137146;Larus marinus;SpecWoRMS;LVU;Larus marinus;SpecASFIS
148776;Morus bassanus;SpecWoRMS;MVB;Morus bassanus;SpecASFIS
137141;Larus canus;SpecWoRMS;LCW;Larus canus;SpecASFIS
137172;Stercorarius parasiticus;SpecWoRMS;TBW;Stercorarius parasiticus;SpecASFIS
232052;Larus michahellis;SpecWoRMS;DKH;Larus michahellis;SpecASFIS
137188;Gavia stellata;SpecWoRMS;BWF;Gavia stellata;SpecASFIS
137186;Gavia arctica;SpecWoRMS;BWC;Gavia arctica;SpecASFIS
137187;Gavia immer;SpecWoRMS;BWE;Gavia immer;SpecASFIS
137182;Podiceps cristatus;SpecWoRMS;HHZ;Podiceps cristatus;SpecASFIS
137183;Podiceps grisegena;SpecWoRMS;HVE;Podiceps grisegena;SpecASFIS
137181;Podiceps auritus;SpecWoRMS;HFZ;Podiceps auritus;SpecASFIS
137202;Puffinus griseus;SpecWoRMS;PFG;Puffinus griseus;SpecASFIS
137203;Puffinus puffinus;SpecWoRMS;UIP;Puffinus puffinus;SpecASFIS
445503;Puffinus mauretanicus ;SpecWoRMS;UIM;Puffinus mauretanicus;SpecASFIS
137194;Calonectris diomedea;SpecWoRMS;CDI;Calonectris diomedea;SpecASFIS
137189;Hydrobates pelagicus;SpecWoRMS;DAZ;Hydrobates pelagicus;SpecASFIS
137192;Oceanodroma leucorhoa;SpecWoRMS;DBK;Oceanodroma leucorhoa;SpecASFIS
159090;Cygnus olor;SpecWoRMS;WOT;Cygnus olor;SpecASFIS
159089;Cygnus cygnus;SpecWoRMS;WOS;Cygnus cygnus;SpecASFIS
159176;Branta canadensis;SpecWoRMS;BQV;Branta canadensis;SpecASFIS
159177;Branta leucopsis;SpecWoRMS;BQZ;Branta leucopsis;SpecASFIS
159175;Branta bernicla;SpecWoRMS;BPZ;Branta bernicla;SpecASFIS
232042;Tadorna tadorna;SpecWoRMS;SJD;Tadorna tadorna;SpecASFIS
159168;Anas penelope;SpecWoRMS;TZE;Anas penelope;SpecASFIS
158943;Anas crecca;SpecWoRMS;TZC;Anas crecca;SpecASFIS
148791;Anas platyrhynchos;SpecWoRMS;TZF;Anas platyrhynchos;SpecASFIS
159164;Aythya fuligula;SpecWoRMS;DKI;Aythya fuligula;SpecASFIS
159172;Aythya marila;SpecWoRMS;DKJ;Aythya marila;SpecASFIS
137074;Somateria mollissima;SpecWoRMS;EGF;Somateria mollissima;SpecASFIS
137071;Clangula hyemalis;SpecWoRMS;GCZ;Clangula hyemalis;SpecASFIS
137073;Melanitta nigra;SpecWoRMS;WOY;Melanitta nigra;SpecASFIS
137072;Melanitta fusca;SpecWoRMS;WOW;Melanitta fusca;SpecASFIS
159197;Bucephala clangula;SpecWoRMS;GCG;Bucephala clangula;SpecASFIS
159097;Mergus merganser;SpecWoRMS;GWA;Mergus merganser;SpecASFIS
159098;Mergus serrator;SpecWoRMS;GWC;Mergus serrator;SpecASFIS
232039;Mergellus albellus;SpecWoRMS;FAO;Mergellus albellus;SpecASFIS
137171;Stercorarius longicaudus;SpecWoRMS;FBF;Stercorarius longicaudus;SpecASFIS
137173;Stercorarius pomarinus;SpecWoRMS;FSL;Stercorarius pomarinus;SpecASFIS
137137;Chlidonias niger;SpecWoRMS;FBS;Chlidonias niger;SpecASFIS
137129;Alle alle;SpecWoRMS;HBH;Alle alle;SpecASFIS
137075;Somateria spectabilis;SpecWoRMS;EGJ;Somateria spectabilis;SpecASFIS
232041;Polysticta stelleri;SpecWoRMS;WYC;Polysticta stelleri;SpecASFIS
137145;Larus hyperboreus;SpecWoRMS;LVY;Larus hyperboreus;SpecASFIS
137154;Pagophila eburnea;SpecWoRMS;QDT;Pagophila eburnea;SpecASFIS
567449;Hydrocoloeus minutus;SpecWoRMS;DTZ;Hydrocoloeus minutus;SpecASFIS
137134;Uria lomvia;SpecWoRMS;UQU;Uria lomvia;SpecASFIS
126347;Ahliesaurus berryi;SpecWoRMS;AIY;Ahliesaurus berryi;SpecASFIS
138138;Alloteuthis;SpecWoRMS;OUW;Alloteuthis spp;SpecASFIS
153134;Alloteuthis media;SpecWoRMS;OUM;Alloteuthis media;SpecASFIS
105836;Alopias vulpinus;SpecWoRMS;ALV;Alopias vulpinus;SpecASFIS
126413;Alosa alosa;SpecWoRMS;ASD;Alosa alosa;SpecASFIS
1135;Amphipoda;SpecWoRMS;AQM;Amphipoda;SpecASFIS
123776;Asterias rubens;SpecWoRMS;STH;Asterias rubens;SpecASFIS
154721;Balistes capriscus;SpecWoRMS;TRG;Balistes carolinensis;SpecASFIS
127047;Boops boops;SpecWoRMS;BOG;Boops boops;SpecASFIS
107275;Cancer bellianus;SpecWoRMS;KCB;Cancer bellianus;SpecASFIS
127263;Chelidonichthys obscurus;SpecWoRMS;GUM;Chelidonichthys obscurus;SpecASFIS
1267;Cnidaria;SpecWoRMS;CNI;Cnidaria;SpecASFIS
106782;Crangonidae;SpecWoRMS;CRN;Crangonidae;SpecASFIS
126878;Crystallogobius linearis;SpecWoRMS;YTN;Crystallogobius linearis;SpecASFIS
105851;Dasyatis pastinaca;SpecWoRMS;JDP;Dasyatis pastinaca;SpecASFIS
127154;Dicologlossa cuneata;SpecWoRMS;CET;Dicologlossa cuneata;SpecASFIS
127051;Diplodus cervinus;SpecWoRMS;SBZ;Diplodus cervinus;SpecASFIS
127053;Diplodus sargus;SpecWoRMS;SWA;Diplodus sargus;SpecASFIS
140600;Eledone cirrhosa;SpecWoRMS;EOI;Eledone cirrhosa;SpecASFIS
1128;Euphausiacea;SpecWoRMS;DVE;Euphausiacea;SpecASFIS
126893;Gobius paganellus;SpecWoRMS;GON;Gobius paganellus;SpecASFIS
126754;Gymnammodytes semisquamatus;SpecWoRMS;ZGS;Gymnammodytes semisquamatus;SpecASFIS
140621;Illex coindetii;SpecWoRMS;SQM;Illex coindetii;SpecASFIS
127018;Katsuwonus pelamis;SpecWoRMS;SKJ;Katsuwonus pelamis;SpecASFIS
126355;Lestidiops sphyrenoides;SpecWoRMS;MZD;Lestidiops sphyrenoides;SpecASFIS
1044127;Chelon auratus;SpecWoRMS;MGA;Liza aurata;SpecASFIS
140270;Loligo forbesii;SpecWoRMS;SQF;Loligo forbesii;SpecASFIS
140271;Loligo vulgaris;SpecWoRMS;SQR;Loligo vulgaris;SpecASFIS
107350;Maja squinado;SpecWoRMS;SCR;Maja squinado;SpecASFIS
127405;Mola mola;SpecWoRMS;MOX;Mola mola;SpecASFIS
126983;Mugil cephalus;SpecWoRMS;MUF;Mugil cephalus;SpecASFIS
125546;Mugilidae;SpecWoRMS;MUL;Mugilidae;SpecASFIS
105860;Myliobatis aquila;SpecWoRMS;MYL;Myliobatis aquila;SpecASFIS
106669;Dendrobranchiata;SpecWoRMS;CRU;Crustacea;SpecASFIS
272728;Notoscopelus kroyeri;SpecWoRMS;OWK;Notoscopelus kroyeri;SpecASFIS
127056;Oblada melanura;SpecWoRMS;SBS;Oblada melanura;SpecASFIS
140605;Octopus vulgaris;SpecWoRMS;OCC;Octopus vulgaris;SpecASFIS
11760;Ommastrephidae;SpecWoRMS;OMZ;Ommastrephidae;SpecASFIS
127057;Pagellus acarne;SpecWoRMS;SBA;Pagellus acarne;SpecASFIS
127060;Pagellus erythrinus;SpecWoRMS;PAC;Pagellus erythrinus;SpecASFIS
127063;Pagrus pagrus;SpecWoRMS;RPG;Pagrus pagrus;SpecASFIS
107703;Palinurus elephas;SpecWoRMS;SLO;Palinurus elephas;SpecASFIS
106789;Pandalidae;SpecWoRMS;PDZ;Pandalidae;SpecASFIS
127369;Photonectes dinema;SpecWoRMS;QBM;Photonectes dinema;SpecASFIS
125773;Phycis;SpecWoRMS;FOX;Phycis;SpecASFIS
126502;Phycis phycis;SpecWoRMS;FOR;Phycis phycis;SpecASFIS
125587;Salmonidae;SpecWoRMS;SLZ;Salmonidae;SpecASFIS
137217;Salpidae;SpecWoRMS;SPX;Salpidae;SpecASFIS
127021;Sarda sarda;SpecWoRMS;BON;Sarda sarda;SpecASFIS
127064;Sarpa salpa;SpecWoRMS;SLM;Sarpa salpa;SpecASFIS
126392;Scomberesox saurus;SpecWoRMS;SAU;Scomberesox saurus;SpecASFIS
127022;Scomber japonicus;SpecWoRMS;MAS;Scomber japonicus;SpecASFIS
135220;Scyphozoa;SpecWoRMS;SZY;Scyphozoa;SpecASFIS
141443;Sepia elegans;SpecWoRMS;EJE;Sepia elegans;SpecASFIS
141444;Sepia officinalis;SpecWoRMS;CTC;Sepia officinalis;SpecASFIS
141445;Sepia orbignyana;SpecWoRMS;IAR;Sepia orbignyana;SpecASFIS
11725;Sepiolidae;SpecWoRMS;CTL;Sepiidae, Sepiolidae;SpecASFIS
127066;Spondyliosoma cantharus;SpecWoRMS;BRB;Spondyliosoma cantharus;SpecASFIS
126023;Symphodus;SpecWoRMS;YFX;Symphodus spp;SpecASFIS
125606;Syngnathidae;SpecWoRMS;VUX;Syngnathidae;SpecASFIS
127026;Thunnus alalunga;SpecWoRMS;ALB;Thunnus alalunga;SpecASFIS
140624;Todarodes sagittatus;SpecWoRMS;SQE;Todarodes sagittatus;SpecASFIS
140625;Todaropsis eblanae;SpecWoRMS;TDQ;Todaropsis eblanae;SpecASFIS
271684;Torpedo marmorata;SpecWoRMS;TTR;Torpedo marmorata;SpecASFIS
126820;Trachurus mediterraneus;SpecWoRMS;HMM;Trachurus mediterraneus;SpecASFIS
127266;Trigla lyra;SpecWoRMS;GUN;Trigla lyra;SpecASFIS
135306;Aurelia aurita;SpecWoRMS;AJQ;Aurelia aurita;SpecASFIS
135304;Chrysaora hysoscella;SpecWoRMS;CWY;Chrysaora hysoscella;SpecASFIS
135302;Cyanea lamarckii;SpecWoRMS;DWY;Cyanea lamarckii;SpecASFIS
107388;Liocarcinus holsatus;SpecWoRMS;IJW;Liocarcinus holsatus;SpecASFIS
127055;Lithognathus mormyrus;SpecWoRMS;SSB;Lithognathus mormyrus;SpecASFIS
127012;Umbrina cirrosa;SpecWoRMS;COB;Umbrina cirrosa;SpecASFIS
107552;Crangon crangon;SpecWoRMS;CSH;Crangon crangon;SpecASFIS
154333;Rutilus rutilus;SpecWoRMS;FRO;Rutilus rutilus;SpecASFIS
11713;Sepiida;SpecWoRMS;CTL;Sepiidae, Sepiolidae;SpecASFIS
11734;Loliginidae;SpecWoRMS;SQZ;Loliginidae;SpecASFIS
11782;Octopodidae;SpecWoRMS;OCT;Octopodidae;SpecASFIS
151174;Scomber colias;SpecWoRMS;VMA;Scomber colias;SpecASFIS
127029;Thunnus thynnus;SpecWoRMS;BFT;Thunnus thynnus;SpecASFIS
127094;Xiphias gladius;SpecWoRMS;SWO;Xiphias gladius;SpecASFIS
107205;Lithodes maja;SpecWoRMS;KCT;Lithodes maja;SpecASFIS
141449;Rossia macrosoma;SpecWoRMS;ROA;Rossia macrosoma;SpecASFIS
105913;Etmopterus spinax;SpecWoRMS;ETX;Etmopterus spinax;SpecASFIS
274100;Lycodes gracilis;SpecWoRMS;JXQ;Lycodes gracilis;SpecASFIS
126795;Callionymus reticulatus;SpecWoRMS;YXI;Callionymus reticulatus;SpecASFIS
141452;Sepietta oweniana;SpecWoRMS;ITW;Sepietta oweniana;SpecASFIS
153131;Alloteuthis subulata;SpecWoRMS;OUL;Alloteuthis subulata;SpecASFIS
125579;Pleuronectidae;SpecWoRMS;PLZ;Pleuronectidae;SpecASFIS
126580;Benthosema glaciale;SpecWoRMS;BHG;Benthosema glaciale;SpecASFIS
158915;Notoscopelus elongatus;SpecWoRMS;NLV;Notoscopelus elongatus;SpecASFIS
126352;Arctozenus risso;SpecWoRMS;NRD;Arctozenus risso;SpecASFIS
126433;Boreogadus saida;SpecWoRMS;POC;Boreogadus saida;SpecASFIS
711846;Dipturus intermedius;SpecWoRMS;DRJ;Dipturus intermedius;SpecASFIS
153087;Illex illecebrosus;SpecWoRMS;SQI;Illex illecebrosus;SpecASFIS
138278;Illex;SpecWoRMS;ILL;Illex spp;SpecASFIS
877649;Astacus astacus;SpecWoRMS;AAS;Astacus astacus;SpecASFIS
107369;Chaceon affinis;SpecWoRMS;KEF;Chaceon affinis;SpecASFIS
140601;Eledone moschata;SpecWoRMS;EDT;Eledone moschata;SpecASFIS
138267;Eledone;SpecWoRMS;OCM;Eledone spp;SpecASFIS
140027;Gonatus steenstrupi;SpecWoRMS;GTP;Gonatus steenstrupi;SpecASFIS
127088;Lepidopus caudatus;SpecWoRMS;SFS;Lepidopus caudatus;SpecASFIS
125474;Moridae;SpecWoRMS;MOR;Moridae;SpecASFIS
138268;Octopus;SpecWoRMS;OCZ;Octopus spp;SpecASFIS
140712;Pecten maximus;SpecWoRMS;SCE;Pecten maximus;SpecASFIS
126998;Polyprion americanus;SpecWoRMS;WRF;Polyprion americanus;SpecASFIS
342138;Sepia hierredda;SpecWoRMS;CVT;Sepia hierredda;SpecASFIS
127049;Diplodus annularis;SpecWoRMS;ANN;Diplodus annularis;SpecASFIS
127247;Scorpaena porcus;SpecWoRMS;BBS;Scorpaena porcus;SpecASFIS
151482;Pomatomus saltatrix;SpecWoRMS;BLU;Pomatomus saltatrix;SpecASFIS
126828;Spicara maena;SpecWoRMS;BPI;Spicara maena;SpecASFIS
127010;Sciaena umbra;SpecWoRMS;CBM;Sciaena umbra;SpecASFIS
105881;Raja asterias;SpecWoRMS;JRS;Raja asterias;SpecASFIS
136137;Squilla mantis;SpecWoRMS;MTS;Squilla mantis;SpecASFIS
151523;Sparus aurata;SpecWoRMS;SBG;Sparus aurata;SpecASFIS
246388;Penaeus kerathurus;SpecWoRMS;TGS;Penaeus kerathurus;SpecASFIS
105716;Squalidae;SpecWoRMS;DGX;Squalidae;SpecASFIS
1019159;Rajella lintea;SpecWoRMS;RJK;Rajella lintea;SpecASFIS
105906;Centroscyllium fabricii;SpecWoRMS;CFB;Centroscyllium fabricii;SpecASFIS
105693;Scyliorhinidae;SpecWoRMS;SYX;Scyliorhinidae;SpecASFIS
105743;Isurus;SpecWoRMS;MAK;Isurus spp;SpecASFIS
105863;Amblyraja hyperborea;SpecWoRMS;RJG;Raja hyperborea;SpecASFIS
105872;Dipturus oxyrinchus;SpecWoRMS;RJO;Raja oxyrinchus;SpecASFIS
105766;Raja;SpecWoRMS;SKA;Raja spp;SpecASFIS
105751;Dasyatis;SpecWoRMS;STI;Dasyatis spp;SpecASFIS
105886;Raja miraletus;SpecWoRMS;JAI;Raja miraletus;SpecASFIS
105914;Oxynotus centrina;SpecWoRMS;OXY;Oxynotus centrina;SpecASFIS
105856;Gymnura altavela;SpecWoRMS;RGL;Gymnura altavela;SpecASFIS
105850;Dasyatis centroura;SpecWoRMS;RDC;Dasyatis centroura;SpecASFIS
105769;Rhinobatos;SpecWoRMS;GUZ;Rhinobatos spp;SpecASFIS
105730;Sphyrna;SpecWoRMS;SPN;Sphyrna spp;SpecASFIS
105899;Centrophorus granulosus;SpecWoRMS;GUP;Centrophorus granulosus;SpecASFIS
105908;Centroscymnus crepidater;SpecWoRMS;CYP;Centroscymnus crepidater;SpecASFIS
826639;Torpedo;SpecWoRMS;TOE;Torpedo spp;SpecASFIS
105719;Carcharhinus;SpecWoRMS;CWZ;Carcharhinus spp;SpecASFIS
1367;Pennatulacea;SpecWoRMS;NTW;Pennatulacea;SpecASFIS
125273;Chrysogorgiidae;SpecWoRMS;QFY;Chrysogorgiidae;SpecASFIS
125276;Isididae;SpecWoRMS;IQO;Isididae;SpecASFIS
125357;Radicipes gracilis;SpecWoRMS;CZN;Radicipes gracilis;SpecASFIS
128515;Pennatula aculeata;SpecWoRMS;QAC;Pennatula aculeata;SpecASFIS
128517;Pennatula phosphorea;SpecWoRMS;QAF;Pennatula phosphorea;SpecASFIS
133230;Hamacantha carteri;SpecWoRMS;ZHT;Hamacantha carteri;SpecASFIS
134215;Quasillina brevis;SpecWoRMS;ZQB;Quasillina brevis;SpecASFIS
135168;Solenosmilia variabilis;SpecWoRMS;RZT;Solenosmilia variabilis;SpecASFIS
172121;Vazella pourtalesii;SpecWoRMS;ZVP;Vazella pourtalesii;SpecASFIS
291111;Stauropathes arctica;SpecWoRMS;SQW;Stauropathes arctica;SpecASFIS
1337;Hydrozoa;SpecWoRMS;HQZ;Hydrozoa;SpecASFIS
22549;Antipatharia;SpecWoRMS;AQZ;Antipatharia;SpecASFIS
125411;Primnoa resedaeformis;SpecWoRMS;QOE;Primnoa resedaeformis;SpecASFIS
128512;Kophobelemnon stelliferum;SpecWoRMS;KVF;Kophobelemnon stelliferum;SpecASFIS
128539;Virgularia mirabilis;SpecWoRMS;KDV;Virgularia mirabilis;SpecASFIS
131629;Axinellidae;SpecWoRMS;XAL;Axinellidae;SpecASFIS
134285;Suberites ficus;SpecWoRMS;ZSF;Suberites ficus;SpecASFIS
146762;Nephtheidae;SpecWoRMS;NYZ;Nephtheidae;SpecASFIS
579809;Pennatula borealis;SpecWoRMS;QAD;Pennatula borealis;SpecASFIS
1288958;Caryophyllia smithii;SpecWoRMS;DVY;Caryophyllia smithii;SpecASFIS
1363;Scleractinia;SpecWoRMS;CSS;Scleractinia;SpecASFIS
1365;Alcyonacea;SpecWoRMS;AJZ;Alcyonacea;SpecASFIS
22612;Hexactinellida;SpecWoRMS;HXY;Hexactinellida;SpecASFIS
22805;Stylasteridae;SpecWoRMS;AXT;Stylasteridae;SpecASFIS
100930;Actinauge richardi;SpecWoRMS;KKL;Actinauge richardi;SpecASFIS
103309;Antipathes dichotoma;SpecWoRMS;ADQ;Antipathes dichotoma;SpecASFIS
125405;Callogorgia verticillata;SpecWoRMS;QMU;Callogorgia verticillata;SpecASFIS
125414;Anthothela grandiflora;SpecWoRMS;WAG;Anthothela grandiflora;SpecASFIS
125419;Paragorgia johnsoni;SpecWoRMS;BFV;Paragorgia johnsoni;SpecASFIS
128506;Funiculina quadrangularis;SpecWoRMS;FQJ;Funiculina quadrangularis;SpecASFIS
132480;Axinella infundibuliformis;SpecWoRMS;IGW;Axinella infundibuliformis;SpecASFIS
135190;Enallopsammia rostrata;SpecWoRMS;FEY;Enallopsammia rostrata;SpecASFIS
150237;Suberites pagurorum;SpecWoRMS;KFE;Suberites pagurorum;SpecASFIS
164811;Demospongiae;SpecWoRMS;DMO;Demospongiae;SpecASFIS
172017;Asconema foliatum;SpecWoRMS;ZBA;Asconema foliatum;SpecASFIS
1292;Anthozoa;SpecWoRMS;AJH;Anthozoa;SpecASFIS
125281;Paragorgiidae;SpecWoRMS;BWV;Paragorgiidae;SpecASFIS
125333;Alcyonium digitatum;SpecWoRMS;DVT;Alcyonium digitatum;SpecASFIS
125348;Acanthogorgia armata;SpecWoRMS;AZC;Acanthogorgia armata;SpecASFIS
125418;Paragorgia arborea;SpecWoRMS;BFU;Paragorgia arborea;SpecASFIS
128509;Halipteris finmarchica;SpecWoRMS;HFM;Halipteris finmarchica;SpecASFIS
128524;Distichoptilum gracile;SpecWoRMS;WDG;Distichoptilum gracile;SpecASFIS
132335;Spongionella pulchella;SpecWoRMS;ZPR;Spongionella pulchella;SpecASFIS
132972;Iophon piceum;SpecWoRMS;WJP;Iophon piceum;SpecASFIS
133205;Biemna variantia;SpecWoRMS;XBV;Biemna variantia;SpecASFIS
133289;Mycale lingua;SpecWoRMS;YHL;Mycale lingua;SpecASFIS
134224;Tentorium semisuberites;SpecWoRMS;ZTS;Tentorium semisuberites;SpecASFIS
134240;Stylocordyla borealis;SpecWoRMS;QBR;Stylocordyla borealis;SpecASFIS
135159;Desmophyllum dianthus;SpecWoRMS;DEJ;Desmophyllum dianthus;SpecASFIS
135161;Lophelia pertusa;SpecWoRMS;LWS;Lophelia pertusa;SpecASFIS
135209;Madrepora oculata;SpecWoRMS;MVI;Madrepora oculata;SpecASFIS
146943;Duva florida;SpecWoRMS;DFF;Duva florida;SpecASFIS
170674;Radiella hemisphaerica;SpecWoRMS;ZRH;Radiella hemisphaerica;SpecASFIS
283816;Pachycerianthus borealis;SpecWoRMS;WQB;Pachycerianthus borealis;SpecASFIS
1383416;Flabellum alabastrum;SpecWoRMS;FLQ;Flabellum alabastrum;SpecASFIS
1396251;Acanthogorgia armata;SpecWoRMS;AZC;Acanthogorgia armata;SpecASFIS
11676;Pisces;SpecWoRMS;FIN;Osteichthyes;SpecASFIS
125598;Triglidae;SpecWoRMS;GUX;Triglidae;SpecASFIS
127071;Chirolophis ascanii;SpecWoRMS;IFW;Chirolophis ascanii;SpecASFIS
151300;Percidae;SpecWoRMS;QEU;Percidae;SpecASFIS
158562;Anguilla rostrata;SpecWoRMS;ELA;Anguilla rostrata;SpecASFIS
1264298;Platichthys solemdali ;SpecWoRMS;QDQ;Platichthys solemdali;SpecASFIS
126119;Platichthys;SpecWoRMS;BZQ;Platichthys;SpecASFIS
140692;Chlamys islandica;SpecWoRMS;ISC;Chlamys islandica;SpecASFIS
156972;Placopecten magellanicus;SpecWoRMS;SCA;Placopecten magellanicus;SpecASFIS
126757;Anarhichas denticulatus;SpecWoRMS;CAB;Anarhichas denticulatus;SpecASFIS
159019;Pagophilus groenlandicus;SpecWoRMS;SEH;Phoca groenlandica;SpecASFIS
137078;Cystophora cristata ;SpecWoRMS;SEZ;Cystophora cristata;SpecASFIS
126759;Anarhichas minor;SpecWoRMS;CAS;Anarhichas minor;SpecASFIS
273303;Trachurus murphyi;SpecWoRMS;CJM;Trachurus murphyi;SpecASFIS
273675;Cubiceps caeruleus;SpecWoRMS;UBA;Cubiceps caeruleus;SpecASFIS
293729;Sarda chiliensis;SpecWoRMS;BEP;Sarda chiliensis;SpecASFIS
10194;Actinopterygii;SpecWoRMS;FRF;Actinopterygii;SpecASFIS
154274;Blicca bjoerkna;SpecWoRMS;ABK;Blicca bjoerkna;SpecASFIS
154281;Abramis brama;SpecWoRMS;FBM;Abramis brama;SpecASFIS
283150;Vimba vimba;SpecWoRMS;VIV;Vimba vimba;SpecASFIS
154297;Carassius carassius;SpecWoRMS;FCC;Carassius carassius;SpecASFIS
154343;Tinca tinca;SpecWoRMS;FTE;Tinca tinca;SpecASFIS
282185;Pelecus cultratus;SpecWoRMS;FSC;Pelecus cultratus;SpecASFIS
127185;Oncorhynchus mykiss;SpecWoRMS;TRR;Oncorhynchus mykiss;SpecASFIS
154582;Cyprinus carpio;SpecWoRMS;FCP;Cyprinus carpio;SpecASFIS
154677;Silurus glanis;SpecWoRMS;SOM;Silurus glanis;SpecASFIS
127007;Argyrosomus regius;SpecWoRMS;MGR;Argyrosomus regius;SpecASFIS
126057;Auxis;SpecWoRMS;FRZ;Auxis thazard, A. rochei;SpecASFIS
236487;Auxis rochei rochei;SpecWoRMS;BLT;Auxis rochei;SpecASFIS
126783;Brama brama;SpecWoRMS;POA;Brama brama;SpecASFIS
127261;Chelidonichthys lastoviza;SpecWoRMS;CTZ;Chelidonichthys lastoviza;SpecASFIS
127130;Citharus linguatula;SpecWoRMS;CIL;Citharus linguatula;SpecASFIS
126963;Coris julis;SpecWoRMS;COU;Coris julis;SpecASFIS
127425;Cyttopsis rosea;SpecWoRMS;ZCD;Cyttopsis rosea;SpecASFIS
273962;Dentex dentex;SpecWoRMS;DEC;Dentex dentex;SpecASFIS
126076;Diplodus;SpecWoRMS;SRZ;Diplodus;SpecASFIS
127052;Diplodus puntazzo;SpecWoRMS;SHR;Diplodus puntazzo;SpecASFIS
127054;Diplodus vulgaris;SpecWoRMS;CTB;Diplodus vulgaris;SpecASFIS
126404;Hoplostethus mediterraneus;SpecWoRMS;HPR;Hoplostethus mediterraneus;SpecASFIS
151501;Labrus mixtus;SpecWoRMS;USI;Labrus mixtus;SpecASFIS
126129;Microchirus;SpecWoRMS;THS;Microchirus;SpecASFIS
274299;Microchirus azevia;SpecWoRMS;MIA;Microchirus azevia;SpecASFIS
126460;Molva macrophthalma;SpecWoRMS;SLI;Molva macrophthalma;SpecASFIS
126034;Mullus;SpecWoRMS;MUX;Mullus;SpecASFIS
127248;Scorpaena scrofa;SpecWoRMS;RSE;Scorpaena scrofa;SpecASFIS
10329;Scorpaeniformes;SpecWoRMS;XSX;Scorpaeniformes;SpecASFIS
127041;Serranus cabrilla;SpecWoRMS;CBR;Serranus cabrilla;SpecASFIS
127257;Trachyscorpia echinata;SpecWoRMS;TZY;Trachyscorpia echinata;SpecASFIS
127089;Trichiurus lepturus;SpecWoRMS;LHT;Trichiurus lepturus;SpecASFIS
125739;Trisopterus;SpecWoRMS;XOD;Trisopterus;SpecASFIS
127011;Umbrina canariensis;SpecWoRMS;UCA;Umbrina canariensis;SpecASFIS
127426;Zenopsis conchifer;SpecWoRMS;JOS;Zenopsis conchifer;SpecASFIS
127028;Thunnus obesus;SpecWoRMS;BET;Thunnus obesus;SpecASFIS
218773;Pseudopentaceros richardsoni;SpecWoRMS;EDR;Pseudopentaceros richardsoni;SpecASFIS
273148;Brama japonica;SpecWoRMS;BPQ;Brama japonica;SpecASFIS
1015724;Leuciscus aspius;SpecWoRMS;ASU;Aspius aspius;SpecASFIS
107253;Homarus gammarus;SpecWoRMS;LBE;Homarus gammarus;SpecASFIS
107651;Pandalus montagui;SpecWoRMS;AES;Pandalus montagui;SpecASFIS
124287;Echinus esculentus;SpecWoRMS;URS;Echinus esculentus;SpecASFIS
106847;Paralithodes;SpecWoRMS;KCS;Paralithodes spp;SpecASFIS
107616;Palaemon serratus;SpecWoRMS;CPR;Palaemon serratus;SpecASFIS
836033;Magallana gigas;SpecWoRMS;OYG;Magallana gigas;SpecASFIS
140658;Ostrea edulis;SpecWoRMS;OYF;Ostrea edulis;SpecASFIS
140301;Spisula solida;SpecWoRMS;ULO;Spisula solida;SpecASFIS
125775;Gasterosteus;SpecWoRMS;SKB;Gasterosteus spp;SpecASFIS
138998;Cerastoderma edule;SpecWoRMS;COC;Cerastoderma edule;SpecASFIS
138878;Buccinum undatum;SpecWoRMS;WHE;Buccinum undatum;SpecASFIS
140480;Mytilus edulis;SpecWoRMS;MUS;Mytilus edulis;SpecASFIS
107678;Pasiphaea tarda;SpecWoRMS;FAC;Pasiphaea tarda;SpecASFIS
105924;Squalus blainville;SpecWoRMS;QUB;Squalus blainville;SpecASFIS
123083;Holothuroidea;SpecWoRMS;CUX;Holothuroidea;SpecASFIS
138477;Sepia;SpecWoRMS;IAX;Sepia spp;SpecASFIS
405451;Gymnocephalus cernua;SpecWoRMS;ACC;Gymnocephalus cernuus;SpecASFIS
154319;Hypophthalmichthys molitrix;SpecWoRMS;SVC;Hypophthalmichthys molitrix;SpecASFIS
125575;Zoarcidae;SpecWoRMS;LVD;Zoarcidae;SpecASFIS
158326;Aristaeomorpha foliacea;SpecWoRMS;ARS;Aristaeomorpha foliacea;SpecASFIS
107083;Aristeus antennatus;SpecWoRMS;ARA;Aristeus antennatus;SpecASFIS
1066;Crustacea;SpecWoRMS;FCX;Crustacea;SpecASFIS
126075;Dentex;SpecWoRMS;DEX;Dentex;SpecASFIS
1806;Echinodermata;SpecWoRMS;ECH;Echinodermata;SpecASFIS
123456;Holothuria;SpecWoRMS;WBX;Holothuria;SpecASFIS
126497;Mora moro;SpecWoRMS;RIB;Mora moro;SpecASFIS
106835;Munida;SpecWoRMS;UEX;Munida;SpecASFIS
123200;Ophiuridae;SpecWoRMS;QEI;Ophiuridae;SpecASFIS
127300;Polymetme corythaeola;SpecWoRMS;OLC;Polymetme corythaeola;SpecASFIS
125570;Trachinidae;SpecWoRMS;TRA;Trachinidae;SpecASFIS
233;Solenidae;SpecWoRMS;SOI;Solenidae;SpecASFIS
10211;Squaliformes;SpecWoRMS;SHX;Squaliformes;SpecASFIS
10216;Rajiformes;SpecWoRMS;SRX;Rajiformes;SpecASFIS
105894;Rajella fyllae;SpecWoRMS;RJY;Rajella fyllae;SpecASFIS
105905;Deania profundorum;SpecWoRMS;SDU;Deania profundorum;SpecASFIS
105911;Etmopterus princeps;SpecWoRMS;ETR;Etmopterus princeps;SpecASFIS
106763;Portunidae;SpecWoRMS;SWM;Portunidae;SpecASFIS
106788;Palaemonidae;SpecWoRMS;PAL;Palaemonidae;SpecASFIS
106794;Palinuridae;SpecWoRMS;VLO;Palinuridae;SpecASFIS
106822;Penaeus;SpecWoRMS;PEN;Penaeus;SpecASFIS
107676;Pasiphaea multidentata;SpecWoRMS;FAM;Pasiphaea multidentata;SpecASFIS
107704;Palinurus mauritanicus;SpecWoRMS;PSL;Palinurus mauritanicus;SpecASFIS
125471;Macrouridae;SpecWoRMS;RTX;Macrouridae;SpecASFIS
125559;Scombridae;SpecWoRMS;MAX;Scombridae;SpecASFIS
125595;Scorpaenidae;SpecWoRMS;SCO;Scorpaenidae;SpecASFIS
125617;Zeidae;SpecWoRMS;ZEX;Zeidae;SpecASFIS
125732;Gadus;SpecWoRMS;CDZ;Gadus spp;SpecASFIS
126504;Urophycis tenuis;SpecWoRMS;HKW;Urophycis tenuis;SpecASFIS
127076;Stromateus fiatola;SpecWoRMS;BLB;Stromateus fiatola;SpecASFIS
140059;Haliotis tuberculata;SpecWoRMS;HLT;Haliotis tuberculata;SpecASFIS
140262;Littorina littorea;SpecWoRMS;PEE;Littorina littorea;SpecASFIS
140733;Ensis ensis;SpecWoRMS;EQE;Ensis ensis;SpecASFIS
140735;Ensis siliqua;SpecWoRMS;EQI;Ensis siliqua;SpecASFIS
159342;Scomberomorus maculatus;SpecWoRMS;SSM;Scomberomorus maculatus;SpecASFIS
159483;Chloroscombrus chrysurus;SpecWoRMS;BUA;Chloroscombrus chrysurus;SpecASFIS
273146;Brama australis;SpecWoRMS;BRU;Brama australis;SpecASFIS
276891;Centroberyx affinis;SpecWoRMS;CXF;Centroberyx affinis;SpecASFIS
712917;Brachirus niger;SpecWoRMS;WZN;Brachirus niger;SpecASFIS
126279;Acipenser sturio;SpecWoRMS;APU;Acipenser sturio;SpecASFIS
154324;Leuciscus idus;SpecWoRMS;FID;Leuciscus idus;SpecASFIS
154599;Leuciscus leuciscus;SpecWoRMS;FIE;Leuciscus leuciscus;SpecASFIS
154285;Alburnus alburnus;SpecWoRMS;ALR;Alburnus alburnus;SpecASFIS
154165;Scardinius erythrophthalmus;SpecWoRMS;SRE;Scardinius erythrophthalmus;SpecASFIS
159811;Stenotomus chrysops;SpecWoRMS;SCP;Stenotomus chrysops;SpecASFIS
126278;Acipenser stellatus;SpecWoRMS;APE;Acipenser stellatus;SpecASFIS
126846;Coryphaena hippurus;SpecWoRMS;DOL;Coryphaena hippurus;SpecASFIS
126952;Tetrapturus belone;SpecWoRMS;MSP;Tetrapturus belone;SpecASFIS
126867;Ruvettus pretiosus;SpecWoRMS;OIL;Ruvettus pretiosus;SpecASFIS
127017;Euthynnus alletteratus;SpecWoRMS;LTA;Euthynnus alletteratus;SpecASFIS
106401;Mnemiopsis leidyi;SpecWoRMS;NQY;Mnemiopsis leidyi;SpecASFIS
107277;Corystes cassivelaunus;SpecWoRMS;JIV;Corystes cassivelaunus;SpecASFIS
140467;Modiolus modiolus;SpecWoRMS;DJO;Modiolus modiolus;SpecASFIS
51;Mollusca;SpecWoRMS;MOF;Mollusca;SpecASFIS
107157;Munida intermedia;SpecWoRMS;UGG;Munida intermedia;SpecASFIS
107197;Dardanus arrosor;SpecWoRMS;DEH;Dardanus arrosor;SpecASFIS
107292;Goneplax rhomboides;SpecWoRMS;GVN;Goneplax rhomboides;SpecASFIS
126906;Lesueurigobius sanzi;SpecWoRMS;IPS;Lesueurigobius sanzi;SpecASFIS
236488;Zeugopterus regius;SpecWoRMS;ZLR;Zeugopterus regius;SpecASFIS
137080;Halichoerus grypus;SpecWoRMS;SEG;Halichoerus grypus;SpecASFIS
137084;Phoca vitulina;SpecWoRMS;SEC;Phoca vitulina;SpecASFIS
146142;Bryozoa;SpecWoRMS;BZN;Bryozoa;SpecASFIS
110690;Meganyctiphanes norvegica ;SpecWoRMS;NKR;Meganyctiphanes norvegica;SpecASFIS
125604;Stomiidae;SpecWoRMS;RQX;Stomiidae;SpecASFIS
126589;Diaphus brachycephalus;SpecWoRMS;DPY;Diaphus brachycephalus;SpecASFIS
219379;Amblygobius albimaculatus;SpecWoRMS;MBL;Amblygobius albimaculatus;SpecASFIS
156103;Gersemia rubiformis;SpecWoRMS;GSV;Gersemia rubiformis;SpecASFIS
125603;Sternoptychidae;SpecWoRMS;HAF;Sternoptychidae;SpecASFIS
154298;Carassius auratus;SpecWoRMS;CGO;Carassius auratus;SpecASFIS
154600;Hypophthalmichthys nobilis;SpecWoRMS;BIC;Hypophthalmichthys nobilis;SpecASFIS
282855;Squalius cephalus;SpecWoRMS;LUH;Leuciscus cephalus;SpecASFIS
125424;Acipenseridae;SpecWoRMS;STU;Acipenseridae;SpecASFIS
218467;Plagiogeneion rubiginosum;SpecWoRMS;RYG;Plagiogeneion rubiginosum;SpecASFIS
105819;Sphyrna zygaena;SpecWoRMS;SPZ;Sphyrna zygaena;SpecASFIS
127182;Oncorhynchus gorbuscha;SpecWoRMS;PIN;Oncorhynchus gorbuscha;SpecASFIS
1488274;Chroicocephalus genei;SpecWoRMS;DTR;Chroicocephalus genei;SpecASFIS
153097;Gonatus fabricii;SpecWoRMS;GTI;Gonatus fabricii;SpecASFIS
10295;Anguilliformes;SpecWoRMS;XAX;Anguilliformes;SpecASFIS
1056517;Robustosergia robusta;SpecWoRMS;JTM;Robustosergia robusta;SpecASFIS
106727;Penaeidae;SpecWoRMS;PEZ;Penaeidae;SpecASFIS
106731;Sergestidae;SpecWoRMS;SHS;Sergestidae;SpecASFIS
106786;Oplophoridae;SpecWoRMS;VWX;Oplophoridae;SpecASFIS
106829;Sergestes;SpecWoRMS;GWS;Sergestes;SpecASFIS
107579;Acanthephyra curtirostris;SpecWoRMS;FYU;Acanthephyra curtirostris;SpecASFIS
107602;Oplophorus spinosus;SpecWoRMS;QEK;Oplophorus spinosus;SpecASFIS
107668;Glyphus marsupialis;SpecWoRMS;GFU;Glyphus marsupialis;SpecASFIS
1080;Copepoda;SpecWoRMS;JPP;Copepoda;SpecASFIS
110708;Thysanoessa inermis;SpecWoRMS;YEN;Thysanoessa inermis;SpecASFIS
110709;Thysanoessa longicaudata;SpecWoRMS;YAI;Thysanoessa longicaudata;SpecASFIS
1131;Isopoda;SpecWoRMS;ISH;Isopoda;SpecASFIS
125432;Nemichthyidae;SpecWoRMS;VFX;Nemichthyidae;SpecASFIS
125447;Paralepididae;SpecWoRMS;PZB;Paralepididae;SpecASFIS
125448;Scopelarchidae;SpecWoRMS;PEY;Scopelarchidae;SpecASFIS
125483;Trachipteridae;SpecWoRMS;TRX;Trachipteridae;SpecASFIS
125496;Oneirodidae;SpecWoRMS;OKX;Oneirodidae;SpecASFIS
125507;Alepocephalidae;SpecWoRMS;PZC;Alepocephalidae;SpecASFIS
125509;Bathylagidae;SpecWoRMS;BVY;Bathylagidae;SpecASFIS
125514;Platytroctidae;SpecWoRMS;VBX;Platytroctidae;SpecASFIS
125536;Gempylidae;SpecWoRMS;GEP;Gempylidae;SpecASFIS
125548;Nomeidae;SpecWoRMS;VTX;Nomeidae;SpecASFIS
125612;Tetraodontidae;SpecWoRMS;PUX;Tetraodontidae;SpecASFIS
125825;Lampanyctus;SpecWoRMS;JGL;Lampanyctus;SpecASFIS
126291;Derichthys serpentinus;SpecWoRMS;ADD;Derichthys serpentinus;SpecASFIS
126292;Nessorhamphus ingolfianus;SpecWoRMS;ADN;Nessorhamphus ingolfianus;SpecASFIS
126305;Nemichthys curvirostris;SpecWoRMS;ANU;Nemichthys curvirostris;SpecASFIS
126319;Serrivomer beanii;SpecWoRMS;ASB;Serrivomer beanii;SpecASFIS
126334;Anotopterus pharao;SpecWoRMS;ANP;Anotopterus pharao;SpecASFIS
126337;Coccorella atlantica;SpecWoRMS;REI;Coccorella atlantica;SpecASFIS
126338;Evermannella balbo;SpecWoRMS;EVO;Evermannella balbo;SpecASFIS
126349;Scopelosaurus lepidus;SpecWoRMS;UIG;Scopelosaurus lepidus;SpecASFIS
126353;Lestidiops affinis;SpecWoRMS;LDA;Lestidiops affinis;SpecASFIS
126365;Benthalbella infans;SpecWoRMS;MZF;Benthalbella infans;SpecASFIS
126367;Scopelarchus analis;SpecWoRMS;OUA;Scopelarchus analis;SpecASFIS
126393;Anoplogaster cornuta;SpecWoRMS;AGW;Anoplogaster cornuta;SpecASFIS
126398;Diretmus argenteus;SpecWoRMS;DUU;Diretmus argenteus;SpecASFIS
126406;Cetostoma regani;SpecWoRMS;CJR;Cetostoma regani;SpecASFIS
126431;Bregmaceros atlanticus;SpecWoRMS;BMA;Bregmaceros atlanticus;SpecASFIS
126483;Melanonus zugmayeri;SpecWoRMS;MZY;Melanonus zugmayeri;SpecASFIS
126526;Stylephorus chordatus;SpecWoRMS;LSC;Stylephorus chordatus;SpecASFIS
126583;Bolinichthys supralateralis;SpecWoRMS;DBF;Bolinichthys supralateralis;SpecASFIS
126586;Ceratoscopelus warmingii;SpecWoRMS;NCV;Ceratoscopelus warmingii;SpecASFIS
126590;Diaphus dumerilii;SpecWoRMS;DPU;Diaphus dumerilii;SpecASFIS
126592;Diaphus holti;SpecWoRMS;DPO;Diaphus holti;SpecASFIS
126594;Diaphus metopoclampus;SpecWoRMS;DPP;Diaphus metopoclampus;SpecASFIS
126595;Diaphus mollis;SpecWoRMS;DPI;Diaphus mollis;SpecASFIS
126596;Diaphus rafinesquii;SpecWoRMS;DPF;Diaphus rafinesquii;SpecASFIS
126599;Diogenichthys atlanticus;SpecWoRMS;DGA;Diogenichthys atlanticus;SpecASFIS
126601;Gonichthys cocco;SpecWoRMS;FZZ;Gonichthys cocco;SpecASFIS
126602;Hygophum benoiti;SpecWoRMS;HYB;Hygophum benoiti;SpecASFIS
126603;Hygophum hygomii;SpecWoRMS;HHV;Hygophum hygomii;SpecASFIS
126604;Hygophum reinhardtii;SpecWoRMS;IAW;Hygophum reinhardtii;SpecASFIS
126605;Hygophum taaningi;SpecWoRMS;IBD;Hygophum taaningi;SpecASFIS
126608;Lampadena speculigera;SpecWoRMS;LDS;Lampadena speculigera;SpecASFIS
126610;Lampanyctus alatus;SpecWoRMS;LPL;Lampanyctus alatus;SpecASFIS
126612;Lampanyctus crocodilus;SpecWoRMS;LYD;Lampanyctus crocodilus;SpecASFIS
126614;Lampanyctus festivus;SpecWoRMS;LYF;Lampanyctus festivus;SpecASFIS
126615;Lampanyctus intricarius;SpecWoRMS;LYI;Lampanyctus intricarius;SpecASFIS
126617;Lampanyctus macdonaldi;SpecWoRMS;LYO;Lampanyctus macdonaldi;SpecASFIS
126618;Lampanyctus photonotus;SpecWoRMS;LYP;Lampanyctus photonotus;SpecASFIS
126619;Lampanyctus pusillus;SpecWoRMS;LYJ;Lampanyctus pusillus;SpecASFIS
126620;Lepidophanes gaussi;SpecWoRMS;LHG;Lepidophanes gaussi;SpecASFIS
126621;Lepidophanes guentheri;SpecWoRMS;JHC;Lepidophanes guentheri;SpecASFIS
126628;Myctophum selenops;SpecWoRMS;MMY;Myctophum selenops;SpecASFIS
126629;Notolychnus valdiviae;SpecWoRMS;NOV;Notolychnus valdiviae;SpecASFIS
126630;Symbolophorus veranyi;SpecWoRMS;SVW;Symbolophorus veranyi;SpecASFIS
126631;Taaningichthys bathyphilus;SpecWoRMS;TAY;Taaningichthys bathyphilus;SpecASFIS
126632;Taaningichthys minimus;SpecWoRMS;UAC;Taaningichthys minimus;SpecASFIS
126636;Scopelengys tristis;SpecWoRMS;SYJ;Scopelengys tristis;SpecASFIS
126680;Parabrotula plagiophthalma;SpecWoRMS;PBP;Parabrotula plagiophthalma;SpecASFIS
126707;Photostylus pycnopterus;SpecWoRMS;PHP;Photostylus pycnopterus;SpecASFIS
126714;Xenodermichthys copei;SpecWoRMS;AXC;Xenodermichthys copei;SpecASFIS
126719;Bathylagus euryops;SpecWoRMS;BBE;Bathylagus euryops;SpecASFIS
126724;Microstoma microstoma;SpecWoRMS;MMI;Microstoma microstoma;SpecASFIS
126733;Opisthoproctus soleatus;SpecWoRMS;OOL;Opisthoproctus soleatus;SpecASFIS
126738;Barbantus curvifrons;SpecWoRMS;PBC;Barbantus curvifrons;SpecASFIS
126739;Holtbyrnia anomala;SpecWoRMS;PHN;Holtbyrnia anomala;SpecASFIS
126740;Holtbyrnia macrops;SpecWoRMS;QBC;Holtbyrnia macrops;SpecASFIS
126742;Maulisia mauli;SpecWoRMS;QBD;Maulisia mauli;SpecASFIS
126745;Normichthys operosus;SpecWoRMS;PMO;Normichthys operosus;SpecASFIS
126749;Searsia koefoedi;SpecWoRMS;PSO;Searsia koefoedi;SpecASFIS
126833;Schedophilus medusophagus;SpecWoRMS;HVU;Schedophilus medusophagus;SpecASFIS
126840;Chiasmodon niger;SpecWoRMS;CVN;Chiasmodon niger;SpecASFIS
126857;Epigonus denticulatus;SpecWoRMS;EGD;Epigonus denticulatus;SpecASFIS
126861;Diplospinus multistriatus;SpecWoRMS;DLT;Diplospinus multistriatus;SpecASFIS
126990;Cubiceps gracilis;SpecWoRMS;CBG;Cubiceps gracilis;SpecASFIS
127120;Melanostigma atlanticum;SpecWoRMS;MTC;Melanostigma atlanticum;SpecASFIS
127165;Eurypharynx pelecanoides;SpecWoRMS;SEX;Eurypharynx pelecanoides;SpecASFIS
127222;Paraliparis bathybius;SpecWoRMS;PBY;Paraliparis bathybius;SpecASFIS
127231;Rhodichthys regina;SpecWoRMS;RIR;Rhodichthys regina;SpecASFIS
127268;Melamphaes microps;SpecWoRMS;MWM;Melamphaes microps;SpecASFIS
127273;Poromitra crassiceps;SpecWoRMS;PMC;Poromitra crassiceps;SpecASFIS
127278;Scopelogadus beanii;SpecWoRMS;SBN;Scopelogadus beanii;SpecASFIS
127281;Bonapartia pedaliota;SpecWoRMS;BPO;Bonapartia pedaliota;SpecASFIS
127292;Diplophos taenia;SpecWoRMS;DPT;Diplophos taenia;SpecASFIS
127295;Gonostoma denudatum;SpecWoRMS;GSD;Gonostoma denudatum;SpecASFIS
127297;Margrethia obtusirostra;SpecWoRMS;MTO;Margrethia obtusirostra;SpecASFIS
127298;Ichthyococcus ovatus;SpecWoRMS;IHO;Ichthyococcus ovatus;SpecASFIS
127302;Vinciguerria attenuata;SpecWoRMS;VIA;Vinciguerria attenuata;SpecASFIS
127303;Vinciguerria nimbaria;SpecWoRMS;VII;Vinciguerria nimbaria;SpecASFIS
127304;Vinciguerria poweriae;SpecWoRMS;VIP;Vinciguerria poweriae;SpecASFIS
127313;Polyipnus polli;SpecWoRMS;QBL;Polyipnus polli;SpecASFIS
127316;Valenciennellus tripunctulatus;SpecWoRMS;VAT;Valenciennellus tripunctulatus;SpecASFIS
127322;Astronesthes gemmifer;SpecWoRMS;AEG;Astronesthes gemmifer;SpecASFIS
127324;Astronesthes leucopogon;SpecWoRMS;AEO;Astronesthes leucopogon;SpecASFIS
127326;Astronesthes micropogon;SpecWoRMS;ICY;Astronesthes micropogon;SpecASFIS
127328;Astronesthes niger;SpecWoRMS;AHR;Astronesthes niger;SpecASFIS
127332;Bathophilus pawneei;SpecWoRMS;DBP;Bathophilus pawneei;SpecASFIS
127334;Borostomias antarcticus;SpecWoRMS;BRT;Borostomias antarcticus;SpecASFIS
127335;Borostomias elucens;SpecWoRMS;DBR;Borostomias elucens;SpecASFIS
127337;Chauliodus danae;SpecWoRMS;CUD;Chauliodus danae;SpecASFIS
127338;Chauliodus sloani;SpecWoRMS;CDN;Chauliodus sloani;SpecASFIS
127351;Flagellostomias boureei;SpecWoRMS;FGU;Flagellostomias boureei;SpecASFIS
127354;Idiacanthus fasciola;SpecWoRMS;IDF;Idiacanthus fasciola;SpecASFIS
127358;Malacosteus niger;SpecWoRMS;MCN;Malacosteus niger;SpecASFIS
127372;Photostomias guernei;SpecWoRMS;PUE;Photostomias guernei;SpecASFIS
127374;Stomias boa;SpecWoRMS;SBB;Stomias boa;SpecASFIS
137233;Salpa;SpecWoRMS;QHS;Salpa spp;SpecASFIS
138848;Bathyteuthis abyssicola;SpecWoRMS;YHA;Bathyteuthis abyssicola;SpecASFIS
139422;Bathothauma lyromma;SpecWoRMS;ZBL;Bathothauma lyromma;SpecASFIS
139428;Taonius pavo;SpecWoRMS;ZTP;Taonius pavo;SpecASFIS
140111;Histioteuthis bonnellii;SpecWoRMS;HQB;Histioteuthis bonnellii;SpecASFIS
140112;Histioteuthis corona;SpecWoRMS;HQC;Histioteuthis corona;SpecASFIS
141548;Spirula spirula;SpecWoRMS;RKS;Spirula spirula;SpecASFIS
141887;Vampyroteuthis infernalis;SpecWoRMS;VYI;Vampyroteuthis infernalis;SpecASFIS
156452;Themisto libellula;SpecWoRMS;IWI;Themisto libellula;SpecASFIS
157031;Pyroteuthis margaritifera;SpecWoRMS;YRM;Pyroteuthis margaritifera;SpecASFIS
158723;Holtbyrnia innesi;SpecWoRMS;QBB;Holtbyrnia innesi;SpecASFIS
158736;Stomias affinis;SpecWoRMS;QZY;Stomias affinis;SpecASFIS
158843;Astronesthes richardsoni;SpecWoRMS;IDD;Astronesthes richardsoni;SpecASFIS
158900;Lobianchia dofleini;SpecWoRMS;LNF;Lobianchia dofleini;SpecASFIS
158901;Lobianchia gemellarii;SpecWoRMS;JHD;Lobianchia gemellarii;SpecASFIS
158909;Nannobrachium atrum;SpecWoRMS;LPY;Nannobrachium atrum;SpecASFIS
158913;Notoscopelus bolini;SpecWoRMS;NOO;Notoscopelus bolini;SpecASFIS
158914;Notoscopelus caudispinosus;SpecWoRMS;OWO;Notoscopelus caudispinosus;SpecASFIS
158916;Notoscopelus resplendens;SpecWoRMS;OWN;Notoscopelus resplendens;SpecASFIS
159067;Brotula barbata;SpecWoRMS;BRD;Brotula barbata;SpecASFIS
181381;Histioteuthis reversa;SpecWoRMS;HQS;Histioteuthis reversa;SpecASFIS
217720;Symbolophorus barnardi;SpecWoRMS;SMP;Symbolophorus barnardi;SpecASFIS
219745;Cubiceps baxteri;SpecWoRMS;UBB;Cubiceps baxteri;SpecASFIS
275008;Aristostomias xenostoma;SpecWoRMS;QBO;Aristostomias xenostoma;SpecASFIS
275058;Chauliodus schmidti;SpecWoRMS;CVS;Chauliodus schmidti;SpecASFIS
275180;Stomias lampropeltis;SpecWoRMS;QZT;Stomias lampropeltis;SpecASFIS
275830;Gigantura chuni;SpecWoRMS;GGH;Gigantura chuni;SpecASFIS
398363;Sigmops bathyphilus;SpecWoRMS;GQZ;Sigmops bathyphilus;SpecASFIS
863613;Gonostomatidae;SpecWoRMS;BRI;Gonostomatidae;SpecASFIS
883;Polychaeta;SpecWoRMS;WOR;Polychaeta;SpecASFIS
126361;Paralepis coregonoides;SpecWoRMS;PIR;Paralepis coregonoides;SpecASFIS
107264;Paromola cuvieri;SpecWoRMS;OLV;Paromola cuvieri;SpecASFIS
107387;Liocarcinus depurator;SpecWoRMS;IOD;Liocarcinus depurator;SpecASFIS
123920;Luidia ciliaris;SpecWoRMS;DTH;Luidia ciliaris;SpecASFIS
124535;Parastichopus tremulus;SpecWoRMS;TVK;Parastichopus tremulus;SpecASFIS
106738;Paguridae;SpecWoRMS;CZM;Paguridae;SpecASFIS
107643;Dichelopandalus bonnieri;SpecWoRMS;DKB;Dichelopandalus bonnieri;SpecASFIS
126068;Epinephelus;SpecWoRMS;GPX;Epinephelus;SpecASFIS
137250;Pyrosoma atlanticum;SpecWoRMS;QBJ;Pyrosoma atlanticum;SpecASFIS
140598;Bathypolypus sponsalis;SpecWoRMS;YYS;Bathypolypus sponsalis;SpecASFIS
149898;Parastichopus regalis;SpecWoRMS;JCR;Parastichopus regalis;SpecASFIS
273960;Dentex canariensis;SpecWoRMS;DEN;Dentex canariensis;SpecASFIS
882;Annelida;SpecWoRMS;NHE;Annelida;SpecASFIS
105918;Scymnodon ringens;SpecWoRMS;SYR;Scymnodon ringens;SpecASFIS
107274;Atelecyclus undecimdentatus;SpecWoRMS;IGZ;Atelecyclus undecimdentatus;SpecASFIS
107660;Plesionika heterocarpus;SpecWoRMS;LKO;Plesionika heterocarpus;SpecASFIS
123081;Crinoidea;SpecWoRMS;CWD;Crinoidea;SpecASFIS
123121;Asteriidae;SpecWoRMS;FDH;Asteriidae;SpecASFIS
126811;Naucrates ductor;SpecWoRMS;NAU;Naucrates ductor;SpecASFIS
126880;Deltentosteus quadrimaculatus;SpecWoRMS;DEQ;Deltentosteus quadrimaculatus;SpecASFIS
127013;Umbrina ronchus;SpecWoRMS;UMO;Umbrina ronchus;SpecASFIS
127050;Diplodus bellottii;SpecWoRMS;DHQ;Diplodus bellottii;SpecASFIS
140780;Pinna nobilis;SpecWoRMS;PQB;Pinna nobilis;SpecASFIS
141907;Chamelea gallina;SpecWoRMS;SVE;Chamelea gallina;SpecASFIS
398306;Neoraja iberica;SpecWoRMS;UKM;Neoraja iberica;SpecASFIS
129840;Aphrodita aculeata;SpecWoRMS;AKW;Aphrodita aculeata;SpecASFIS
125508;Argentinidae;SpecWoRMS;JXX;Argentinidae;SpecASFIS
124373;Brissopsis lyrifera;SpecWoRMS;ZDG;Brissopsis lyrifera;SpecASFIS
138899;Colus gracilis;SpecWoRMS;JIR;Colus gracilis;SpecASFIS
123803;Marthasterias glacialis;SpecWoRMS;DSC;Marthasterias glacialis;SpecASFIS
107400;Portumnus latipes;SpecWoRMS;UML;Portumnus latipes;SpecASFIS
106210;Semibalanus balanoides;SpecWoRMS;BXL;Semibalanus balanoides;SpecASFIS
141454;Sepiola atlantica;SpecWoRMS;IOT;Sepiola atlantica;SpecASFIS
281953;Oxyconger leptognathus;SpecWoRMS;MOT;Oxyconger leptognathus;SpecASFIS
127103;Lycodes esmarkii;SpecWoRMS;LXK;Lycodes esmarkii;SpecASFIS
233942;Acipenser baerii;SpecWoRMS;APB;Acipenser baerii;SpecASFIS
127027;Thunnus albacares;SpecWoRMS;YFT;Thunnus albacares;SpecASFIS
126233;Mola;SpecWoRMS;MOP;Mola;SpecASFIS
105840;Isurus paucus;SpecWoRMS;LMA;Isurus paucus;SpecASFIS
138297;Crassostrea;SpecWoRMS;OYC;Crassostrea;SpecASFIS
105826;Hydrolagus mirabilis;SpecWoRMS;CYH;Hydrolagus mirabilis;SpecASFIS
106737;Lithodidae;SpecWoRMS;KCX;Lithodidae;SpecASFIS
105807;Apristurus laurussonii;SpecWoRMS;APQ;Apristurus laurussonii;SpecASFIS
125539;Istiophoridae;SpecWoRMS;BIL;Istiophoridae;SpecASFIS
410351;Doryteuthis (Amerigo) gahi ;SpecWoRMS;SQP;Loligo gahi ;SpecASFIS
127014;Acanthocybium solandri;SpecWoRMS;WAH;Acanthocybium solandri;SpecASFIS
234751;Patagonotothen brevicauda;SpecWoRMS;NOT;Patagonotothen brevicauda;SpecASFIS
272455;Merluccius hubbsi;SpecWoRMS;HKP;Merluccius hubbsi;SpecASFIS
278702;Genypterus blacodes;SpecWoRMS;CUS;Genypterus blacodes;SpecASFIS
272449;Macruronus magellanicus;SpecWoRMS;GRM;Macruronus magellanicus;SpecASFIS
282654;Salilota australis;SpecWoRMS;SAO;Salilota australis;SpecASFIS
126863;Lepidocybium flavobrunneum;SpecWoRMS;LEC;Lepidocybium flavobrunneum;SpecASFIS
712905;Istiompax indica;SpecWoRMS;BLM;Istiompax indica;SpecASFIS
11014;Perciformes;SpecWoRMS;PPX;Perciformes;SpecASFIS
154659;Ariidae;SpecWoRMS;CAX;Ariidae;SpecASFIS
126950;Makaira nigricans;SpecWoRMS;BUM;Makaira nigricans;SpecASFIS
234033;Carassius gibelio;SpecWoRMS;CWG;Carassius gibelio;SpecASFIS
137117;Phocoena phocoena;SpecWoRMS;PHR;Phocoena phocoena;SpecASFIS
127101;Lycenchelys sarsii;SpecWoRMS;YVS;Lycenchelys sarsii;SpecASFIS
138802;Arctica islandica;SpecWoRMS;CLQ;Arctica islandica;SpecASFIS
140744;Philine aperta;SpecWoRMS;FPT;Philine aperta;SpecASFIS
107613;Palaemon adspersus;SpecWoRMS;PAA;Palaemon adspersus;SpecASFIS
107345;Macropodia rostrata;SpecWoRMS;IFS;Macropodia rostrata;SpecASFIS
126768;Lipophrys pholis;SpecWoRMS;JPH;Lipophrys pholis;SpecASFIS
234519;Liparidae;SpecWoRMS;LPX;Liparidae;SpecASFIS
125476;Gasterosteidae;SpecWoRMS;GHZ;Gasterosteidae;SpecASFIS
125590;Cyclopteridae;SpecWoRMS;ZLS;Cyclopteridae;SpecASFIS
136979;Balaenopteridae;SpecWoRMS;BAE;Balaenopteridae;SpecASFIS
136980;Delphinidae;SpecWoRMS;DLP;Delphinidae;SpecASFIS
137086;Balaena mysticetus;SpecWoRMS;BMY;Balaena mysticetus;SpecASFIS
137087;Balaenoptera acutorostrata;SpecWoRMS;MIW;Balaenoptera acutorostrata;SpecASFIS
137088;Balaenoptera borealis;SpecWoRMS;SIW;Balaenoptera borealis;SpecASFIS
137089;Balaenoptera edeni;SpecWoRMS;BRW;Balaenoptera edeni;SpecASFIS
137090;Balaenoptera musculus;SpecWoRMS;BLW;Balaenoptera musculus;SpecASFIS
137091;Balaenoptera physalus;SpecWoRMS;FIW;Balaenoptera physalus;SpecASFIS
137092;Megaptera novaeangliae;SpecWoRMS;HUW;Megaptera novaeangliae;SpecASFIS
137094;Delphinus delphis;SpecWoRMS;DCO;Delphinus delphis;SpecASFIS
137095;Feresa attenuata;SpecWoRMS;KPW;Feresa attenuata;SpecASFIS
137096;Globicephala macrorhynchus;SpecWoRMS;SHW;Globicephala macrorhynchus;SpecASFIS
137097;Globicephala melas;SpecWoRMS;PIW;Globicephala melas;SpecASFIS
137098;Grampus griseus;SpecWoRMS;DRR;Grampus griseus;SpecASFIS
137099;Lagenodelphis hosei;SpecWoRMS;FRD;Lagenodelphis hosei;SpecASFIS
137100;Lagenorhynchus acutus;SpecWoRMS;DWH;Lagenorhynchus acutus;SpecASFIS
137101;Lagenorhynchus albirostris;SpecWoRMS;BWD;Lagenorhynchus albirostris;SpecASFIS
137102;Orcinus orca;SpecWoRMS;KIW;Orcinus orca;SpecASFIS
137103;Peponocephala electra;SpecWoRMS;MEW;Peponocephala electra;SpecASFIS
137104;Pseudorca crassidens;SpecWoRMS;FAW;Pseudorca crassidens;SpecASFIS
137105;Stenella attenuata;SpecWoRMS;DPN;Stenella attenuata;SpecASFIS
137106;Stenella clymene;SpecWoRMS;DCL;Stenella clymene;SpecASFIS
137107;Stenella coeruleoalba;SpecWoRMS;DST;Stenella coeruleoalba;SpecASFIS
137108;Stenella frontalis;SpecWoRMS;DSA;Stenella frontalis;SpecASFIS
137109;Stenella longirostris;SpecWoRMS;DSI;Stenella longirostris;SpecASFIS
137110;Steno bredanensis;SpecWoRMS;RTD;Steno bredanensis;SpecASFIS
137111;Tursiops truncatus;SpecWoRMS;DBO;Tursiops truncatus;SpecASFIS
137112;Eschrichtius robustus;SpecWoRMS;GRW;Eschrichtius robustus;SpecASFIS
137113;Kogia breviceps;SpecWoRMS;PYW;Kogia breviceps;SpecASFIS
137115;Delphinapterus leucas;SpecWoRMS;BEL;Delphinapterus leucas;SpecASFIS
137116;Monodon monoceros;SpecWoRMS;NAR;Monodon monoceros;SpecASFIS
137119;Physeter macrocephalus;SpecWoRMS;SPW;Physeter macrocephalus;SpecASFIS
137121;Mesoplodon bidens;SpecWoRMS;BWW;Mesoplodon bidens;SpecASFIS
137122;Mesoplodon densirostris;SpecWoRMS;BBW;Mesoplodon densirostris;SpecASFIS
137123;Mesoplodon europaeus;SpecWoRMS;BGW;Mesoplodon europaeus;SpecASFIS
137124;Mesoplodon grayi;SpecWoRMS;BYW;Mesoplodon grayi;SpecASFIS
137125;Mesoplodon hectori;SpecWoRMS;BHW;Mesoplodon hectori;SpecASFIS
137126;Mesoplodon mirus;SpecWoRMS;BTW;Mesoplodon mirus;SpecASFIS
137127;Ziphius cavirostris;SpecWoRMS;BCW;Ziphius cavirostris;SpecASFIS
148723;Odontoceti;SpecWoRMS;ODN;Odontoceti;SpecASFIS
148724;Mysticeti;SpecWoRMS;MYS;Mysticeti;SpecASFIS
148732;Orcaella brevirostris;SpecWoRMS;IRD;Orcaella brevirostris;SpecASFIS
159023;Eubalaena glacialis;SpecWoRMS;EUG;Eubalaena glacialis;SpecASFIS
159025;Kogia sima;SpecWoRMS;DWW;Kogia sima;SpecASFIS
220222;Eubalaena australis;SpecWoRMS;EUA;Eubalaena australis;SpecASFIS
220226;Sousa chinensis;SpecWoRMS;DHI;Sousa chinensis;SpecASFIS
231405;Balaenoptera bonaerensis;SpecWoRMS;BFW;Balaenoptera bonaerensis;SpecASFIS
231407;Mesoplodon ginkgodens;SpecWoRMS;TGW;Mesoplodon ginkgodens;SpecASFIS
231409;Mesoplodon peruvianus;SpecWoRMS;BPW;Mesoplodon peruvianus;SpecASFIS
231414;Lissodelphis peronii;SpecWoRMS;RSW;Lissodelphis peronii;SpecASFIS
231418;Indopacetus pacificus;SpecWoRMS;BNW;Indopacetus pacificus;SpecASFIS
231424;Caperea marginata;SpecWoRMS;CPM;Caperea marginata;SpecASFIS
231429;Mesoplodon layardii;SpecWoRMS;TSW;Mesoplodon layardii;SpecASFIS
231430;Mesoplodon bowdoini;SpecWoRMS;BDW;Mesoplodon bowdoini;SpecASFIS
231433;Tasmacetus shepherdi;SpecWoRMS;BSW;Tasmacetus shepherdi;SpecASFIS
231434;Lagenorhynchus obscurus;SpecWoRMS;DDU;Lagenorhynchus obscurus;SpecASFIS
242606;Berardius arnuxii;SpecWoRMS;BAW;Berardius arnuxii;SpecASFIS
242608;Berardius bairdii;SpecWoRMS;BEW;Berardius bairdii;SpecASFIS
254964;Pontoporia blainvillei;SpecWoRMS;FRA;Pontoporia blainvillei;SpecASFIS
254970;Sousa teuszii;SpecWoRMS;DHA;Sousa teuszii;SpecASFIS
254971;Phocoena dioptrica;SpecWoRMS;SPP;Phocoena dioptrica;SpecASFIS
254974;Eubalaena japonica;SpecWoRMS;EZJ;Eubalaena japonica;SpecASFIS
254975;Lissodelphis borealis;SpecWoRMS;RNW;Lissodelphis borealis;SpecASFIS
254976;Cephalorhynchus commersonii;SpecWoRMS;CMD;Cephalorhynchus commersonii;SpecASFIS
254977;Cephalorhynchus eutropia;SpecWoRMS;CHD;Cephalorhynchus eutropia;SpecASFIS
254978;Cephalorhynchus heavisidii;SpecWoRMS;HVD;Cephalorhynchus heavisidii;SpecASFIS
254979;Cephalorhynchus hectori;SpecWoRMS;HCD;Cephalorhynchus hectori;SpecASFIS
254980;Lagenorhynchus australis;SpecWoRMS;PLD;Lagenorhynchus australis;SpecASFIS
254981;Lagenorhynchus obliquidens;SpecWoRMS;DWP;Lagenorhynchus obliquidens;SpecASFIS
254983;Tursiops aduncus;SpecWoRMS;DBZ;Tursiops aduncus;SpecASFIS
254985;Neophocaena phocaenoides;SpecWoRMS;PFI;Neophocaena phocaenoides;SpecASFIS
254987;Phocoenoides dalli;SpecWoRMS;PDA;Phocoenoides dalli;SpecASFIS
254990;Mesoplodon carlhubbsi;SpecWoRMS;BUW;Mesoplodon carlhubbsi;SpecASFIS
254991;Mesoplodon stejnegeri;SpecWoRMS;BJW;Mesoplodon stejnegeri;SpecASFIS
254993;Mesoplodon traversii;SpecWoRMS;BXT;Mesoplodon traversii;SpecASFIS
2688;Cetacea;SpecWoRMS;WCA;Cetacea;SpecASFIS
343896;Balaenoptera omurai;SpecWoRMS;BXO;Balaenoptera omurai;SpecASFIS
343897;Phocoena sinus;SpecWoRMS;VAQ;Phocoena sinus;SpecASFIS
343898;Phocoena spinipinnis;SpecWoRMS;BRP;Phocoena spinipinnis;SpecASFIS
343899;Hyperoodon ampullatus;SpecWoRMS;BOW;Hyperoodon ampullatus;SpecASFIS
343900;Hyperoodon planifrons;SpecWoRMS;SRW;Hyperoodon planifrons;SpecASFIS
344009;Sotalia guianensis;SpecWoRMS;TZG;Sotalia guianensis;SpecASFIS
383563;Lagenorhynchus cruciger;SpecWoRMS;HRD;Lagenorhynchus cruciger;SpecASFIS
383586;Sousa plumbea;SpecWoRMS;QPU;Sousa plumbea;SpecASFIS
816452;Sousa sahulensis;SpecWoRMS;QPV;Sousa sahulensis;SpecASFIS
106148;Dosima fascicularis;SpecWoRMS;FDU;Dosima fascicularis;SpecASFIS
107148;Galathea dispersa;SpecWoRMS;GWT;Galathea dispersa;SpecASFIS
107674;Pasiphaea hoplocerca;SpecWoRMS;FHE;Pasiphaea hoplocerca;SpecASFIS
111374;Securiflustra securifrons;SpecWoRMS;UKF;Securiflustra securifrons;SpecASFIS
111597;Alcyonidium diaphanum;SpecWoRMS;DUY;Alcyonidium diaphanum;SpecASFIS
111604;Alcyonidium parasiticum;SpecWoRMS;DUZ;Alcyonidium parasiticum;SpecASFIS
117302;Lytocarpia myriophyllum;SpecWoRMS;IYH;Lytocarpia myriophyllum;SpecASFIS
117870;Abietinaria abietina;SpecWoRMS;IJB;Abietinaria abietina;SpecASFIS
123160;Echinidae;SpecWoRMS;UKE;Echinidae;SpecASFIS
124392;Echinocardium cordatum;SpecWoRMS;KSP;Echinocardium cordatum;SpecASFIS
125125;Ophiopholis aculeata;SpecWoRMS;QXE;Ophiopholis aculeata;SpecASFIS
126287;Gnathophis mystax;SpecWoRMS;GXP;Gnathophis mystax;SpecASFIS
137732;Acanthocardia;SpecWoRMS;KHB;Acanthocardia;SpecASFIS
138590;Gibbula;SpecWoRMS;GVU;Gibbula;SpecASFIS
138691;Acteon tornatilis;SpecWoRMS;FEM;Acteon tornatilis;SpecASFIS
139832;Melanella alba;SpecWoRMS;NBL;Melanella alba;SpecASFIS
140167;Lacuna crassior;SpecWoRMS;RIZ;Lacuna crassior;SpecASFIS
140627;Acanthodoris pilosa;SpecWoRMS;KPZ;Acanthodoris pilosa;SpecASFIS
140678;Patella candei;SpecWoRMS;NII;Patella candei;SpecASFIS
141433;Abra alba;SpecWoRMS;WBB;Abra alba;SpecASFIS
141436;Abra prismatica;SpecWoRMS;WBC;Abra prismatica;SpecASFIS
141577;Arcopagia crassa;SpecWoRMS;GJS;Arcopagia crassa;SpecASFIS
146905;Epitonium clathrus;SpecWoRMS;IPE;Epitonium clathrus;SpecASFIS
158200;Manania atlantica;SpecWoRMS;UVM;Manania atlantica;SpecASFIS
231751;Halecium halecinum;SpecWoRMS;IUW;Halecium halecinum;SpecASFIS
236130;Acrocnida brachiata;SpecWoRMS;FEK;Acrocnida brachiata;SpecASFIS
286303;Acanella rigida;SpecWoRMS;WBE;Acanella rigida;SpecASFIS
287911;Agaricia agaricites;SpecWoRMS;DQG;Agaricia agaricites;SpecASFIS
287912;Agaricia fragilis;SpecWoRMS;DQI;Agaricia fragilis;SpecASFIS
287915;Agaricia lamarcki;SpecWoRMS;DQJ;Agaricia lamarcki;SpecASFIS
287916;Agaricia tenuifolia;SpecWoRMS;DQK;Agaricia tenuifolia;SpecASFIS
291116;Stenisis humilis;SpecWoRMS;INY;Stenisis humilis;SpecASFIS
325342;Decapodiformes;SpecWoRMS;CEP;Cephalopoda;SpecASFIS
337505;Pectinaria californiensis;SpecWoRMS;IPC;Pectinaria californiensis;SpecASFIS
410354;Doryteuthis (Amerigo) pealeii;SpecWoRMS;SQL;Doryteuthis (Amerigo) pealeii;SpecASFIS
416648;Tritonia hombergii;SpecWoRMS;JII;Tritonia hombergii;SpecASFIS
445590;Adamsia palliata;SpecWoRMS;KSL;Adamsia palliata;SpecASFIS
712438;Carlarius heudelotii;SpecWoRMS;ILU;Carlarius heudelotii;SpecASFIS
712907;Kajikia audax;SpecWoRMS;MLS;Kajikia audax;SpecASFIS
955160;Afruca tangeri;SpecWoRMS;DQE;Afruca tangeri;SpecASFIS
105831;Chlamydoselachus anguineus;SpecWoRMS;HXC;Chlamydoselachus anguineus;SpecASFIS
105835;Alopias superciliosus ;SpecWoRMS;BTH;Alopias superciliosus;SpecASFIS
105816;Sphyrna lewini;SpecWoRMS;SPL;Sphyrna lewini;SpecASFIS
218465;Emmelichthys nitidus;SpecWoRMS;EMM;Emmelichthys nitidus;SpecASFIS
279753;Aspericorvina jubata;SpecWoRMS;ERJ;Aspericorvina jubata;SpecASFIS
125752;Macrourus;SpecWoRMS;GRV;Macrourus spp;SpecASFIS
123084;Ophiuroidea;SpecWoRMS;OWP;Ophiuroidea;SpecASFIS
273573;Symphodus roissali;SpecWoRMS;YVQ;Symphodus roissali;SpecASFIS
126451;Gaidropsarus argentatus;SpecWoRMS;GDT;Gaidropsarus argentatus;SpecASFIS
126359;Magnisudis atlantica;SpecWoRMS;MNL;Magnisudis atlantica;SpecASFIS
298167;Deania calceus;SpecWoRMS;DCA;Deania calcea;SpecASFIS
271509;Bathyraja brachyurops;SpecWoRMS;BZB;Bathyraja brachyurops;SpecASFIS
136976;Phocidae;SpecWoRMS;ZPX;Phocidae;SpecASFIS
126481;Trachyrincus murrayi;SpecWoRMS;TWF;Trachyrincus murrayi;SpecASFIS
126675;Ophidion barbatum;SpecWoRMS;OOA;Ophidion barbatum;SpecASFIS
280263;Coelorinchus carminatus;SpecWoRMS;IHK;Coelorinchus carminatus;SpecASFIS
280299;Coelorinchus labiatus;SpecWoRMS;CQV;Coelorinchus labiatus;SpecASFIS
321911;Tetronarce nobiliana;SpecWoRMS;TTO;Tetronarce nobiliana;SpecASFIS
125571;Trichiuridae;SpecWoRMS;CUT;Trichiuridae;SpecASFIS
138990;Acanthocardia aculeata;SpecWoRMS;AKK;Acanthocardia aculeata;SpecASFIS
127127;Arnoglossus rueppelii;SpecWoRMS;QFE;Arnoglossus rueppelii;SpecASFIS
107379;Callinectes sapidus;SpecWoRMS;CRB;Callinectes sapidus;SpecASFIS
159313;Cynoscion regalis;SpecWoRMS;STG;Cynoscion regalis;SpecASFIS
273965;Dentex macrophthalmus;SpecWoRMS;DEL;Dentex macrophthalmus;SpecASFIS
126307;Facciolella oxyrhynchus;SpecWoRMS;NHF;Facciolella oxyrhynchus;SpecASFIS
127420;Grammicolepis brachiusculus;SpecWoRMS;GMG;Grammicolepis brachiusculus;SpecASFIS
126117;Limanda;SpecWoRMS;YEX;Limanda;SpecASFIS
107397;Macropipus tuberculatus;SpecWoRMS;MQL;Macropipus tuberculatus;SpecASFIS
107346;Macropodia tenuirostris;SpecWoRMS;IJF;Macropodia tenuirostris;SpecASFIS
126303;Muraena helena;SpecWoRMS;MMH;Muraena helena;SpecASFIS
124316;Paracentrotus lividus;SpecWoRMS;URM;Paracentrotus lividus;SpecASFIS
126945;Parapristipoma octolineatum;SpecWoRMS;GRA;Parapristipoma octolineatum;SpecASFIS
107677;Pasiphaea sivado;SpecWoRMS;FAV;Pasiphaea sivado;SpecASFIS
107656;Plesionika edwardsii;SpecWoRMS;LKW;Plesionika edwardsii;SpecASFIS
107564;Pontophilus spinosus;SpecWoRMS;OFI;Pontophilus spinosus;SpecASFIS
871951;Aetomylaeus bovinus;SpecWoRMS;MPO;Aetomylaeus bovinus;SpecASFIS
107709;Scyllarus arctus;SpecWoRMS;SCY;Scyllarus arctus;SpecASFIS
105778;Scymnodon;SpecWoRMS;QUX;Scymnodon;SpecASFIS
126816;Seriola dumerili;SpecWoRMS;AMB;Seriola dumerili;SpecASFIS
126818;Seriola rivoliana;SpecWoRMS;YTL;Seriola rivoliana;SpecASFIS
125561;Serranidae;SpecWoRMS;BSX;Serranidae;SpecASFIS
126328;Synaphobranchus kaupii;SpecWoRMS;SSK;Synaphobranchus kaupii;SpecASFIS
403345;Dagetichthys lusitanicus;SpecWoRMS;YNU;Dagetichthys lusitanicus;SpecASFIS
141936;Venus verrucosa;SpecWoRMS;VEV;Venus verrucosa;SpecASFIS
11766;Cycloteuthidae;SpecWoRMS;CYC;Cycloteuthidae;SpecASFIS
103251;Hyperia galba;SpecWoRMS;IXV;Hyperia galba;SpecASFIS
110695;Nematoscelis megalops;SpecWoRMS;NMM;Nematoscelis megalops;SpecASFIS
126534;Caulophryne jordani;SpecWoRMS;CAJ;Caulophryne jordani;SpecASFIS
126538;Cryptopsaras couesii;SpecWoRMS;CTQ;Cryptopsaras couesii;SpecASFIS
126550;Linophryne lucifer;SpecWoRMS;LXD;Linophryne lucifer;SpecASFIS
126600;Electrona risso;SpecWoRMS;ELR;Electrona risso;SpecASFIS
126700;Einara edentula;SpecWoRMS;AEE;Einara edentula;SpecASFIS
126748;Sagamichthys schnakenbecki;SpecWoRMS;QBF;Sagamichthys schnakenbecki;SpecASFIS
127284;Cyclothone braueri;SpecWoRMS;YTU;Cyclothone braueri;SpecASFIS
127286;Cyclothone microdon;SpecWoRMS;YTM;Cyclothone microdon;SpecASFIS
127289;Cyclothone pseudopallida;SpecWoRMS;YTS;Cyclothone pseudopallida;SpecASFIS
127308;Argyropelecus gigas;SpecWoRMS;QRB;Argyropelecus gigas;SpecASFIS
127309;Argyropelecus hemigymnus;SpecWoRMS;QRC;Argyropelecus hemigymnus;SpecASFIS
127314;Sternoptyx diaphana;SpecWoRMS;SXD;Sternoptyx diaphana;SpecASFIS
127339;Chirostomias pliopterus;SpecWoRMS;SIO;Chirostomias pliopterus;SpecASFIS
127366;Neonesthes capensis;SpecWoRMS;MNP;Neonesthes capensis;SpecASFIS
127373;Rhadinesthes decimus;SpecWoRMS;RID;Rhadinesthes decimus;SpecASFIS
127377;Trigonolampa miriceps;SpecWoRMS;TLE;Trigonolampa miriceps;SpecASFIS
139125;Chiroteuthis veranii;SpecWoRMS;KTV;Chiroteuthis veranii;SpecASFIS
139429;Teuthowenia megalops;SpecWoRMS;TWM;Teuthowenia megalops;SpecASFIS
153063;Galiteuthis armata;SpecWoRMS;GTH;Galiteuthis armata;SpecASFIS
254316;Nyctiphanes couchii;SpecWoRMS;NVQ;Nyctiphanes couchii;SpecASFIS
1577318;Spicara flexuosum;SpecWoRMS;LXQ;Spicara flexuosa;SpecASFIS
135258;Rhopilema ;SpecWoRMS;JEL;Rhopilema;SpecASFIS
125538;Haemulidae;SpecWoRMS;GRX;Haemulidae (=Pomadasyidae);SpecASFIS
125427;Congridae;SpecWoRMS;COX;Congridae;SpecASFIS
857629;Corbicula manilensis;SpecWoRMS;CMM;Corbicula manilensis;SpecASFIS
158407;Chaceon quinquedens;SpecWoRMS;CRR;Chaceon quinquedens;SpecASFIS
125936;Caranx;SpecWoRMS;TRE;Caranx;SpecASFIS
218404;Caranx sexfasciatus;SpecWoRMS;CXS;Caranx sexfasciatus;SpecASFIS
141101;Charonia lampas;SpecWoRMS;KRJ;Charonia lampas;SpecASFIS
126457;Gaidropsarus mediterraneus;SpecWoRMS;GGD;Gaidropsarus mediterraneus;SpecASFIS
107373;Geryon longipes;SpecWoRMS;GRQ;Geryon longipes;SpecASFIS
125431;Muraenidae;SpecWoRMS;MUI;Muraenidae;SpecASFIS
273567;Symphodus cinereus;SpecWoRMS;YFC;Symphodus cinereus;SpecASFIS
107451;Eriocheir sinensis;SpecWoRMS;ERS;Eriocheir sinensis;SpecASFIS
154314;Ctenopharyngodon idella;SpecWoRMS;FCG;Ctenopharyngodon idella;SpecASFIS
141906;Callista chione;SpecWoRMS;KLK;Callista chione;SpecASFIS
271743;Conger japonicus;SpecWoRMS;COV;Conger japonicus;SpecASFIS
273966;Dentex maroccanus;SpecWoRMS;DEM;Dentex maroccanus;SpecASFIS
325305;Martialia hyadesi;SpecWoRMS;SQS;Martialia hyadesi;SpecASFIS
126139;Coregonus;SpecWoRMS;WHF;Coregonus;SpecASFIS
154375;Thymallus thymallus;SpecWoRMS;TLV;Thymallus thymallus;SpecASFIS
158962;Merluccius bilinearis;SpecWoRMS;HKS;Merluccius bilinearis;SpecASFIS
159184;Lophius americanus;SpecWoRMS;ANG;Lophius americanus;SpecASFIS
105919;Somniosus microcephalus;SpecWoRMS;GSK;Somniosus microcephalus;SpecASFIS
158988;Phycis chesteri;SpecWoRMS;GPE;Phycis chesteri;SpecASFIS
158742;Nezumia bairdi;SpecWoRMS;NZB;Nezumia bairdi;SpecASFIS
158554;Malacoraja senta;SpecWoRMS;RJS;Malacoraja senta;SpecASFIS
10313;Gadiformes;SpecWoRMS;GAD;Gadiformes;SpecASFIS
126453;Gaidropsarus ensis;SpecWoRMS;GDE;Gaidropsarus ensis;SpecASFIS
126643;Notacanthus chemnitzii;SpecWoRMS;NNN;Notacanthus chemnitzii;SpecASFIS
105868;Bathyraja spinicauda;SpecWoRMS;RJQ;Bathyraja spinicauda;SpecASFIS
105829;Harriotta raleighana;SpecWoRMS;HCR;Harriotta raleighana;SpecASFIS
159520;Myoxocephalus octodecemspinosus;SpecWoRMS;MXO;Myoxocephalus octodecemspinosus;SpecASFIS
158559;Lipogenys gillii;SpecWoRMS;NNL;Lipogenys gillii;SpecASFIS
127112;Lycodes reticulatus;SpecWoRMS;LCT;Lycodes reticulatus;SpecASFIS
127235;Cottunculus microps;SpecWoRMS;CVP;Cottunculus microps;SpecASFIS
125774;Urophycis;SpecWoRMS;URZ;Urophycis;SpecASFIS
345843;Sphyraena barracuda;SpecWoRMS;GBA;Sphyraena barracuda;SpecASFIS
105825;Hydrolagus affinis;SpecWoRMS;CYA;Hydrolagus affinis;SpecASFIS
105734;Hydrolagus;SpecWoRMS;HYD;Hydrolagus;SpecASFIS
126132;Solea;SpecWoRMS;SOO;Solea;SpecASFIS
10193;Elasmobranchii;SpecWoRMS;SKX;Elasmobranchii;SpecASFIS
254529;Myoxocephalus quadricornis;SpecWoRMS;SCU;Myoxocephalus spp;SpecASFIS
11734;Loliginidae;SpecWoRMS;SQU;Loliginidae, Ommastrephidae;SpecASFIS
140027;Gonatus steenstrupi;SpecWoRMS;GTI;Gonatus fabricii;SpecASFIS
1264298;Platichthys solemdali ;SpecWoRMS;BWP;Platichthys solemdali;SpecASFIS
126119;Platichthys;SpecWoRMS;BWQ;Platichthys ;SpecASFIS
10194;Actinopterygii;SpecWoRMS;PEL;Actinopterygii;SpecASFIS
10194;Actinopterygii;SpecWoRMS;MZZ;Actinopterygii;SpecASFIS
10194;Actinopterygii;SpecWoRMS;DIA;Actinopterygii;SpecASFIS
10194;Actinopterygii;SpecWoRMS;GRO;Actinopterygii;SpecASFIS
1066;Crustacea;SpecWoRMS;CRU;Crustacea;SpecASFIS
106788;Palaemonidae;SpecWoRMS;PPZ;Palaemonidae;SpecASFIS
11014;Perciformes;SpecWoRMS;DPX;Perciformes;SpecASFIS
124392;Echinocardium cordatum;SpecWoRMS;IHU;Echinocardium cordatum;SpecASFIS
712907;Kajikia audax;SpecWoRMS;KIJ;Kajikia audax;SpecASFIS
271509;Bathyraja brachyurops;SpecWoRMS;RJH;Raja brachyura;SpecASFIS
